min lon,min lat,max lon,max lat,percent loss,percent bare,vh_percent,nir/g,swir1/b
27,-7.204491824824396,27.004491672900052,-7.2,0,0,0,0.5271651885187895,0.5437584822441213
27.004491672900052,-7.20449182487495,27.008983345800104,-7.2,0,0,3.5843783252685752,0.5187920117089331,0.5238548774024727
27.008983345800104,-7.204491824925512,27.013475018700156,-7.2,0,0,97.38569198127624,-0.2087187381620169,-0.43155436245015666
27.013475018700156,-7.204491824976081,27.017966691600208,-7.2,0,0,99.56444011105118,-0.2738717543632214,-0.5201559108691926
27.017966691600208,-7.20449182502666,27.02245836450026,-7.2,0,0,19.67476839433367,0.44995812335590807,0.3654300522512873
27.02245836450026,-7.204491825077247,27.02695003740031,-7.2,0,0,3.687013125666045,0.4796255779525521,0.37722095382495063
27.02695003740031,-7.2044918251278425,27.031441710300363,-7.2,0,0,48.02657260222892,0.1083842890655539,0.11706510538415996
27.031441710300363,-7.204491825178446,27.035933383200415,-7.2,0,0,2.6974177156352477,0.4774703363253479,0.48990023535771515
27.035933383200415,-7.204491825229058,27.040425056100467,-7.2,0,0,0,0.46192203995957126,0.6037304957237234
27.040425056100467,-7.204491825279679,27.04491672900052,-7.2,0,0.991762870835506,0,0.5497037847104683,0.6708992135152521
27.04491672900052,-7.204491825330308,27.04940840190057,-7.2,0,0,0,0.5551232410514795,0.6864532159779958
27.04940840190057,-7.204491825380946,27.053900074800623,-7.2,0,0,0,0.5795420237695145,0.6958616822145772
27.053900074800623,-7.2044918254315915,27.058391747700675,-7.2,0,0,0,0.5724944711408037,0.6917101440656668
27.058391747700675,-7.204491825482246,27.062883420600727,-7.2,0,0,0,0.5669517633145408,0.6888309174880235
27.062883420600727,-7.204491825532909,27.06737509350078,-7.2,0,0,0,0.5488498616383884,0.6905010309222
27.06737509350078,-7.20449182558358,27.07186676640083,-7.2,0,0,0,0.5599142066288794,0.6914276629328637
27.07186676640083,-7.20449182563426,27.076358439300883,-7.2,0,0,0,0.5682711687172018,0.681661958642078
27.076358439300883,-7.204491825684947,27.080850112200935,-7.2,0,0,0,0.5779048668886545,0.6775189445449058
27.080850112200935,-7.204491825735643,27.085341785100987,-7.2,0,0,0,0.5588025236893798,0.679364527721242
27.085341785100987,-7.204491825786349,27.08983345800104,-7.2,0,0,0,0.518670032022068,0.6528599526728612
27.08983345800104,-7.204491825837062,27.09432513090109,-7.2,0,0,0,0.5173545184690421,0.6655903326318231
27.09432513090109,-7.204491825887783,27.098816803801142,-7.2,0,0,0,0.5393838478968046,0.6696377439631133
27.098816803801142,-7.204491825938513,27.103308476701194,-7.2,0,0,0,0.5701031171089651,0.6764472466795518
27,-7.208983650762909,27.004491672900052,-7.204491825938513,0,0,0,0.5116244927951238,0.473185040068688
27.004491672900052,-7.208983650813463,27.008983345800104,-7.204491825938513,0,0,4.003257546019217,0.4550356406305526,0.37659102747953194
27.008983345800104,-7.208983650864025,27.013475018700156,-7.204491825938513,0,0,95.93790682904182,-0.18782496639411617,-0.45295624693430436
27.013475018700156,-7.208983650914594,27.017966691600208,-7.204491825938513,0,0,99.56446639759871,-0.27555353221897433,-0.5899405799873253
27.017966691600208,-7.208983650965173,27.02245836450026,-7.204491825938513,0,0,50.73946218265366,0.2800191448247474,0.13382281267709484
27.02245836450026,-7.20898365101576,27.02695003740031,-7.204491825938513,0,0,0,0.43861130052673136,0.29447811081392655
27.02695003740031,-7.208983651066355,27.031441710300363,-7.204491825938513,0,0,47.19866128511612,0.13968168785856566,0.09203787289998329
27.031441710300363,-7.208983651116959,27.035933383200415,-7.204491825938513,0,0,5.512943197977992,0.47101602068174714,0.46853879130197107
27.035933383200415,-7.208983651167571,27.040425056100467,-7.204491825938513,0,0,15.857048149481479,0.44417126451308286,0.6351576608091409
27.040425056100467,-7.208983651218192,27.04491672900052,-7.204491825938513,1.1852753896367185,0.9956638016852837,0,0.5220838394378272,0.681521451959774
27.04491672900052,-7.208983651268821,27.04940840190057,-7.204491825938513,0,0,0,0.5376499994369076,0.6778454727114699
27.04940840190057,-7.208983651319459,27.053900074800623,-7.204491825938513,0,0,0,0.5455085990152235,0.681804310077567
27.053900074800623,-7.208983651370104,27.058391747700675,-7.204491825938513,0,0,0,0.5417531999297087,0.6932189879341989
27.058391747700675,-7.208983651420759,27.062883420600727,-7.204491825938513,0,0,0,0.5546813252251284,0.69057064501798
27.062883420600727,-7.208983651471422,27.06737509350078,-7.204491825938513,0,0,0,0.567189958065583,0.7008166155418807
27.06737509350078,-7.208983651522093,27.07186676640083,-7.204491825938513,0,0,0,0.5777342555006548,0.6990534786057077
27.07186676640083,-7.2089836515727725,27.076358439300883,-7.204491825938513,0,0,0,0.5618671481335151,0.7044844521227904
27.076358439300883,-7.20898365162346,27.080850112200935,-7.204491825938513,0,0,0,0.5769128609352442,0.6926113529602477
27.080850112200935,-7.208983651674156,27.085341785100987,-7.204491825938513,0,0,0,0.5664939486141432,0.6847635749386645
27.085341785100987,-7.2089836517248616,27.08983345800104,-7.204491825938513,0,0,0,0.5353838478388144,0.6765833734795537
27.08983345800104,-7.208983651775575,27.09432513090109,-7.204491825938513,0,0,0,0.5188179093764825,0.6600010012058267
27.09432513090109,-7.208983651826296,27.098816803801142,-7.204491825938513,0,0,0,0.5343452031982727,0.6712858516380092
27.098816803801142,-7.208983651877026,27.103308476701194,-7.204491825938513,0,0,0,0.5582649484747889,0.6711369271774391
27,-7.213475476701422,27.004491672900052,-7.208983651877026,0,0,0,0.5075071197284877,0.4708675897519996
27.004491672900052,-7.2134754767519755,27.008983345800104,-7.208983651877026,0,0,9.185883937292976,0.44609100010868175,0.41669586031573336
27.008983345800104,-7.213475476802538,27.013475018700156,-7.208983651877026,0,0,99.56730399103525,-0.20137208214556296,-0.5068800866854751
27.013475018700156,-7.213475476853107,27.017966691600208,-7.208983651877026,0,0,98.15463053437598,-0.2309667870937214,-0.570211741990782
27.017966691600208,-7.213475476903686,27.02245836450026,-7.208983651877026,0,0,61.87497188533967,0.1031132115235828,-0.1196014484314416
27.02245836450026,-7.213475476954273,27.02695003740031,-7.208983651877026,0,0,0,0.37774176533374176,0.25103283665785536
27.02695003740031,-7.213475477004868,27.031441710300363,-7.208983651877026,0,0,50.27983434277273,0.11562880794183895,0.07340836663092201
27.031441710300363,-7.213475477055472,27.035933383200415,-7.208983651877026,0,0,0,0.4904667396878318,0.5283221543620644
27.035933383200415,-7.213475477106084,27.040425056100467,-7.208983651877026,0,0,0,0.4925224839733191,0.6624623329558817
27.040425056100467,-7.213475477156705,27.04491672900052,-7.208983651877026,0.015680656331452533,0.01561816919284384,0,0.48811167083607754,0.6748353253957965
27.04491672900052,-7.213475477207334,27.04940840190057,-7.208983651877026,4.5666197320488875,3.982654505839461,0,0.5160583703398454,0.6887606864201387
27.04940840190057,-7.213475477257972,27.053900074800623,-7.208983651877026,0,0,0,0.5457180348490067,0.6916313482478659
27.053900074800623,-7.213475477308617,27.058391747700675,-7.208983651877026,0,0,0,0.5517318842494005,0.7029322745664268
27.058391747700675,-7.213475477359272,27.062883420600727,-7.208983651877026,0,0,0,0.5490488590127658,0.6950855846374274
27.062883420600727,-7.2134754774099346,27.06737509350078,-7.208983651877026,0,0,0,0.570150936013707,0.6919885544329557
27.06737509350078,-7.213475477460606,27.07186676640083,-7.208983651877026,0,0,0,0.5837380401008029,0.689526103142065
27.07186676640083,-7.2134754775112855,27.076358439300883,-7.208983651877026,0,0,0,0.5724059969187429,0.6994672594026285
27.076358439300883,-7.213475477561973,27.080850112200935,-7.208983651877026,0,0,0,0.5749339059971548,0.6960527479748339
27.080850112200935,-7.213475477612669,27.085341785100987,-7.208983651877026,0,0,0,0.5759058215275242,0.682844488064107
27.085341785100987,-7.2134754776633745,27.08983345800104,-7.208983651877026,0,0,0,0.5397244829618152,0.6806298945529986
27.08983345800104,-7.213475477714088,27.09432513090109,-7.208983651877026,0,0,0,0.5392995943981217,0.6763600764155326
27.09432513090109,-7.213475477764809,27.098816803801142,-7.208983651877026,0,0,0,0.5267838569211498,0.6623900429537959
27.098816803801142,-7.213475477815539,27.103308476701194,-7.208983651877026,0,0,0,0.5363556981030739,0.6790148850166097
27,-7.217967302639935,27.004491672900052,-7.213475477815539,0,0,0,0.508903409358904,0.4804853726018378
27.004491672900052,-7.2179673026904885,27.008983345800104,-7.213475477815539,0,0,3.064309349826708,0.483695999996793,0.5294882115074823
27.008983345800104,-7.217967302741051,27.013475018700156,-7.213475477815539,0,0,96.81649035331068,-0.18944081055276674,-0.5045593393989817
27.013475018700156,-7.21796730279162,27.017966691600208,-7.213475477815539,0,0,99.56451755146293,-0.28410845214320857,-0.6423807440076044
27.017966691600208,-7.217967302842199,27.02245836450026,-7.213475477815539,0,0,81.87166685635661,-0.05526610910173005,-0.30720241706112955
27.02245836450026,-7.217967302892786,27.02695003740031,-7.213475477815539,0,0,0,0.4494189347836914,0.4031995948591668
27.02695003740031,-7.217967302943381,27.031441710300363,-7.213475477815539,0,0,47.17480096383297,0.0970767251764201,-0.024121896419394093
27.031441710300363,-7.217967302993985,27.035933383200415,-7.213475477815539,0,1.0464201742503172,0,0.46516184008496875,0.5061545691003938
27.035933383200415,-7.217967303044597,27.040425056100467,-7.213475477815539,6.466052722247199,19.913265383096412,3.986400930172134,0.4665717158789959,0.656194563098161
27.040425056100467,-7.217967303095218,27.04491672900052,-7.213475477815539,12.181847516210148,30.908503101265815,0,0.4660961980857012,0.6468286435391623
27.04491672900052,-7.217967303145847,27.04940840190057,-7.213475477815539,43.12862607583519,47.85816214206769,0,0.4538197228368517,0.6511792144980248
27.04940840190057,-7.217967303196485,27.053900074800623,-7.213475477815539,3.4702029461251844,0.9370926511130565,0,0.5352798354862282,0.6933108258651552
27.053900074800623,-7.21796730324713,27.058391747700675,-7.213475477815539,0,0,0,0.5329023076501312,0.6966300116769374
27.058391747700675,-7.217967303297785,27.062883420600727,-7.213475477815539,0,0,0,0.5518027045482127,0.7121395247872043
27.062883420600727,-7.2179673033484475,27.06737509350078,-7.213475477815539,0,0,0,0.5620786456137121,0.6978034746105356
27.06737509350078,-7.217967303399119,27.07186676640083,-7.213475477815539,0,0,0,0.5960793287626552,0.6916775617037008
27.07186676640083,-7.217967303449798,27.076358439300883,-7.213475477815539,0,0,0,0.5889234723301109,0.6937841243026215
27.076358439300883,-7.217967303500486,27.080850112200935,-7.213475477815539,0,0,0,0.5934119392713677,0.6869146849169688
27.080850112200935,-7.217967303551182,27.085341785100987,-7.213475477815539,0,0,0,0.5785155065333522,0.6763049715192601
27.085341785100987,-7.217967303601887,27.08983345800104,-7.213475477815539,0,0,0,0.5510074390501973,0.6762686260020634
27.08983345800104,-7.217967303652601,27.09432513090109,-7.213475477815539,0,0,0,0.5252518064995962,0.6815473703772216
27.09432513090109,-7.217967303703322,27.098816803801142,-7.213475477815539,0,0,0,0.5320818225530641,0.6817399821387796
27.098816803801142,-7.217967303754052,27.103308476701194,-7.213475477815539,0,0,0,0.5196626236112506,0.6593759415313755
27,-7.222459128578448,27.004491672900052,-7.217967303754052,0,0,0,0.515053568812849,0.4817557618109024
27.004491672900052,-7.222459128629001,27.008983345800104,-7.217967303754052,0,0,0,0.49352210416455106,0.4188375134472823
27.008983345800104,-7.222459128679564,27.013475018700156,-7.217967303754052,0,0,98.52999119885544,-0.2177466712244905,-0.5291929085359877
27.013475018700156,-7.222459128730133,27.017966691600208,-7.217967303754052,0,0,84.55651825929546,-0.13624824935886135,-0.45230512812829665
27.017966691600208,-7.222459128780712,27.02245836450026,-7.217967303754052,0,0,33.24066115008492,0.2746736974484249,0.14437746660157927
27.02245836450026,-7.222459128831299,27.02695003740031,-7.217967303754052,0,0,19.407713653922045,0.3293215144241999,0.2712839756747442
27.02695003740031,-7.222459128881894,27.031441710300363,-7.217967303754052,0,0,28.502255475827422,0.2782076754532444,0.20512228662372223
27.031441710300363,-7.222459128932498,27.035933383200415,-7.217967303754052,0,0,0,0.4967040383006192,0.4963366695478025
27.035933383200415,-7.22245912898311,27.040425056100467,-7.217967303754052,0,0,0,0.46415472092146287,0.47234532753691166
27.040425056100467,-7.222459129033731,27.04491672900052,-7.217967303754052,0,18.437418332507438,0,0.49336573072501566,0.6166861978898358
27.04491672900052,-7.22245912908436,27.04940840190057,-7.217967303754052,41.659985376919586,67.78329470201557,0,0.43743209678457207,0.6394228003504991
27.04940840190057,-7.2224591291349975,27.053900074800623,-7.217967303754052,4.515659460332268,34.15706476392771,3.9428200391316532,0.49317679819647914,0.6812255108269936
27.053900074800623,-7.222459129185643,27.058391747700675,-7.217967303754052,0,0,0,0.553289529531621,0.6999174145897774
27.058391747700675,-7.222459129236298,27.062883420600727,-7.217967303754052,0,0,0,0.5568892204549658,0.7047744779094903
27.062883420600727,-7.22245912928696,27.06737509350078,-7.217967303754052,0,0,0,0.5794091815080895,0.7012883160344555
27.06737509350078,-7.222459129337632,27.07186676640083,-7.217967303754052,0,0,0,0.5874706133415644,0.6958288204645137
27.07186676640083,-7.222459129388311,27.076358439300883,-7.217967303754052,0,0,0,0.5759475795606445,0.6911376418172819
27.076358439300883,-7.222459129438999,27.080850112200935,-7.217967303754052,0,0,0,0.5867059689588843,0.6919663438779957
27.080850112200935,-7.222459129489695,27.085341785100987,-7.217967303754052,0,0,0,0.5968261296149447,0.6895481105149853
27.085341785100987,-7.2224591295404,27.08983345800104,-7.217967303754052,0,0,0,0.5192118677454792,0.6735251180425835
27.08983345800104,-7.222459129591114,27.09432513090109,-7.217967303754052,0,0,0,0.5146270063303614,0.6820870453178655
27.09432513090109,-7.222459129641835,27.098816803801142,-7.217967303754052,0,0,0,0.5286515105486498,0.6863665263350078
27.098816803801142,-7.222459129692565,27.103308476701194,-7.217967303754052,0,0,0,0.5451682788283359,0.691637713578298
27,-7.226950954516961,27.004491672900052,-7.222459129692565,0,0,0,0.4972032527527452,0.483289550325022
27.004491672900052,-7.226950954567514,27.008983345800104,-7.222459129692565,0,0,3.903480749732298,0.4656218285018117,0.4204023685006533
27.008983345800104,-7.226950954618077,27.013475018700156,-7.222459129692565,0,0,97.41674918017942,-0.23362304547931886,-0.5453617871749742
27.013475018700156,-7.226950954668646,27.017966691600208,-7.222459129692565,0,0,95.98018153468028,-0.23517652811586406,-0.5489350267621035
27.017966691600208,-7.226950954719225,27.02245836450026,-7.222459129692565,0,0,39.57598499278796,0.30192987315882663,0.18419588154627695
27.02245836450026,-7.226950954769812,27.02695003740031,-7.222459129692565,0,0,47.20712916963574,0.12070966504911483,0.005791184831864649
27.02695003740031,-7.226950954820407,27.031441710300363,-7.222459129692565,0,0,5.8531141652242535,0.48643540122954554,0.44227783321981423
27.031441710300363,-7.226950954871011,27.035933383200415,-7.222459129692565,0,0,15.968130028006113,0.44144551692361494,0.48441046840367197
27.035933383200415,-7.226950954921623,27.040425056100467,-7.222459129692565,0,0,3.5843941903793164,0.4870669414568761,0.6024942373763659
27.040425056100467,-7.226950954972244,27.04491672900052,-7.222459129692565,0,0,0,0.5066532256556306,0.6274906504053115
27.04491672900052,-7.226950955022873,27.04940840190057,-7.222459129692565,1.1954883771052165,6.485499047085098,0,0.49276554283340757,0.6352791288790668
27.04940840190057,-7.2269509550735105,27.053900074800623,-7.222459129692565,0,1.452504904243858,0,0.5190022481583575,0.6958763997007094
27.053900074800623,-7.226950955124156,27.058391747700675,-7.222459129692565,0,0,0,0.5352024106417111,0.7071835900960566
27.058391747700675,-7.226950955174811,27.062883420600727,-7.222459129692565,0,0,0,0.5522877777888626,0.7050647746488578
27.062883420600727,-7.226950955225473,27.06737509350078,-7.222459129692565,0,0,0,0.5846400617402109,0.6973211635259047
27.06737509350078,-7.226950955276145,27.07186676640083,-7.222459129692565,0,0,0,0.5916712825440945,0.6855118723179282
27.07186676640083,-7.226950955326824,27.076358439300883,-7.222459129692565,0,0,0,0.5788853773415215,0.7025468179906489
27.076358439300883,-7.226950955377512,27.080850112200935,-7.222459129692565,0,0,0,0.5730298580618284,0.7025520939159481
27.080850112200935,-7.226950955428208,27.085341785100987,-7.222459129692565,0,0,0,0.5824518633674102,0.6929263270857791
27.085341785100987,-7.226950955478913,27.08983345800104,-7.222459129692565,0,0,0,0.5180210660244748,0.6717149826829925
27.08983345800104,-7.2269509555296265,27.09432513090109,-7.222459129692565,0,0,0,0.5312685272624889,0.6868840037329026
27.09432513090109,-7.226950955580348,27.098816803801142,-7.222459129692565,0,0,0,0.529150650073567,0.6971422959589698
27.098816803801142,-7.226950955631078,27.103308476701194,-7.222459129692565,0,0,0,0.5546622638604428,0.6943915980406816
27,-7.231442780455474,27.004491672900052,-7.226950955631078,0,0,0,0.48275243066143614,0.582627335019653
27.004491672900052,-7.231442780506027,27.008983345800104,-7.226950955631078,0,0,5.1165287216251905,0.4700154290451214,0.44257443093358634
27.008983345800104,-7.2314427805565895,27.013475018700156,-7.226950955631078,0,0,99.09370564829462,-0.24182073544792063,-0.5225276382272299
27.013475018700156,-7.231442780607159,27.017966691600208,-7.226950955631078,0,0,85.228414133836,-0.12952522033982236,-0.41521050024383965
27.017966691600208,-7.231442780657738,27.02245836450026,-7.226950955631078,0,0,39.26105276573077,0.3882800722761358,0.3173876542153184
27.02245836450026,-7.231442780708325,27.02695003740031,-7.226950955631078,0,0,53.89097972188856,0.07080552727723749,-0.022211539216167666
27.02695003740031,-7.23144278075892,27.031441710300363,-7.226950955631078,0,0,6.593854603717886,0.5555462774362346,0.5438545951901143
27.031441710300363,-7.231442780809524,27.035933383200415,-7.226950955631078,0,1.0464240436126007,0,0.5093448548746821,0.6558213741864233
27.035933383200415,-7.231442780860136,27.040425056100467,-7.226950955631078,0,0.9449052824666069,0,0.5719674125222877,0.6905254064800173
27.040425056100467,-7.231442780910757,27.04491672900052,-7.226950955631078,1.4082977147966789,4.978332354889205,0,0.5606974816061476,0.6806143972364259
27.04491672900052,-7.231442780961386,27.04940840190057,-7.226950955631078,1.4176851937389672,2.9869846801750826,0,0.5133810185869784,0.6803650169940106
27.04940840190057,-7.231442781012023,27.053900074800623,-7.226950955631078,0,0,0,0.49408302969533646,0.6378555659571072
27.053900074800623,-7.231442781062669,27.058391747700675,-7.226950955631078,0,0,0,0.5388678304859833,0.677110070481848
27.058391747700675,-7.231442781113324,27.062883420600727,-7.226950955631078,0,0,0,0.5517923915883105,0.6924152354026027
27.062883420600727,-7.231442781163986,27.06737509350078,-7.226950955631078,0,0,0,0.58190304517133,0.7067210606058385
27.06737509350078,-7.231442781214658,27.07186676640083,-7.226950955631078,0,0,0,0.5848951748405559,0.6895693210793088
27.07186676640083,-7.231442781265337,27.076358439300883,-7.226950955631078,0,0,0,0.5738458405534459,0.6948346121410658
27.076358439300883,-7.231442781316025,27.080850112200935,-7.226950955631078,0,0,0,0.5585059479700462,0.707224581093156
27.080850112200935,-7.231442781366721,27.085341785100987,-7.226950955631078,3.7518422315270543,10.483762729583535,0,0.5531302655637778,0.6967937279055784
27.085341785100987,-7.231442781417426,27.08983345800104,-7.226950955631078,0,0.4685486889707025,0,0.5316687728665344,0.6814511383570394
27.08983345800104,-7.2314427814681395,27.09432513090109,-7.226950955631078,0.8537842527282344,3.514121568979782,0,0.526600626276386,0.6901662982627761
27.09432513090109,-7.231442781518861,27.098816803801142,-7.226950955631078,0.5287521195726899,0.46854914263298775,0,0.5432613637946013,0.6959114978606312
27.098816803801142,-7.231442781569591,27.103308476701194,-7.226950955631078,0,0,0,0.5419679394895158,0.6898877155283852
27,-7.235934606393987,27.004491672900052,-7.231442781569591,0,0,5.018156481437839,0.44198422237701507,0.5732445689251388
27.004491672900052,-7.23593460644454,27.008983345800104,-7.231442781569591,0,0,39.8331151093183,0.2174094107423855,0.08624445211057848
27.008983345800104,-7.2359346064951025,27.013475018700156,-7.231442781569591,0,0,99.54213354919594,-0.27912376752401885,-0.6156526029869479
27.013475018700156,-7.235934606545672,27.017966691600208,-7.231442781569591,0,0,99.56321708771932,-0.17634773844255533,-0.46867056231334114
27.017966691600208,-7.235934606596251,27.02245836450026,-7.231442781569591,0,0,7.702940982005348,0.44133563463802594,0.37048012210584963
27.02245836450026,-7.235934606646838,27.02695003740031,-7.231442781569591,0,0,54.00487089935185,0.06733048626775641,0.04359511569929235
27.02695003740031,-7.235934606697433,27.031441710300363,-7.231442781569591,0,0,23.526286050321207,0.448856629663036,0.47893836712087734
27.031441710300363,-7.235934606748037,27.035933383200415,-7.231442781569591,0,0,0,0.5424116853849059,0.6930377549058647
27.035933383200415,-7.235934606798649,27.040425056100467,-7.231442781569591,0,0,0,0.5646253435431033,0.6866755721731481
27.040425056100467,-7.23593460684927,27.04491672900052,-7.231442781569591,0,0,0,0.558298367736372,0.6791522926930318
27.04491672900052,-7.235934606899899,27.04940840190057,-7.231442781569591,0,0,0,0.5398713890892043,0.7010500679133373
27.04940840190057,-7.235934606950536,27.053900074800623,-7.231442781569591,0,0,0,0.5408811638300646,0.6921424970166712
27.053900074800623,-7.235934607001182,27.058391747700675,-7.231442781569591,0,0,0,0.522493581959142,0.6454628907164625
27.058391747700675,-7.235934607051837,27.062883420600727,-7.231442781569591,0,0,0,0.531008216604988,0.6415137949051858
27.062883420600727,-7.235934607102499,27.06737509350078,-7.231442781569591,0,0,0,0.5856322807371079,0.6798402580484415
27.06737509350078,-7.235934607153171,27.07186676640083,-7.231442781569591,0,0,0,0.5871114103952815,0.6782312906795619
27.07186676640083,-7.23593460720385,27.076358439300883,-7.231442781569591,0,0,0,0.5835673710886243,0.6890198965068811
27.076358439300883,-7.235934607254538,27.080850112200935,-7.231442781569591,0,0,0,0.5877982708079458,0.6946517718546439
27.080850112200935,-7.235934607305234,27.085341785100987,-7.231442781569591,0,0,0,0.5802480641458229,0.690213668715014
27.085341785100987,-7.235934607355939,27.08983345800104,-7.231442781569591,0,0,0,0.5387797180267094,0.6834448867196692
27.08983345800104,-7.235934607406652,27.09432513090109,-7.231442781569591,0,0,0,0.5439358362440444,0.6830396364264092
27.09432513090109,-7.235934607457374,27.098816803801142,-7.231442781569591,0,0,0,0.5593374081900155,0.690826548319238
27.098816803801142,-7.235934607508104,27.103308476701194,-7.231442781569591,0,0,0,0.5511239401725043,0.6898075531753443
27,-7.2404264323325,27.004491672900052,-7.235934607508104,0,0,11.083478414589306,0.4464941423050971,0.4725275275390833
27.004491672900052,-7.240426432383053,27.008983345800104,-7.235934607508104,0,0,95.2099476689127,-0.20043969448342314,-0.4396448009273421
27.008983345800104,-7.240426432433615,27.013475018700156,-7.235934607508104,0,0,99.5674608681846,-0.3406278654945182,-0.6592404849022384
27.013475018700156,-7.240426432484185,27.017966691600208,-7.235934607508104,0,0,76.7763748457526,-0.02243683042550346,-0.2313628838400663
27.017966691600208,-7.240426432534764,27.02245836450026,-7.235934607508104,0,0,0,0.4511610644192898,0.4003536419847942
27.02245836450026,-7.240426432585351,27.02695003740031,-7.235934607508104,0,0,59.77648461305868,0.04941264339389021,0.053879718446301614
27.02695003740031,-7.240426432635946,27.031441710300363,-7.235934607508104,0,0,0,0.5523781711931309,0.6083052104421215
27.031441710300363,-7.24042643268655,27.035933383200415,-7.235934607508104,0,0,0,0.5703273258156133,0.7163151241103688
27.035933383200415,-7.240426432737162,27.040425056100467,-7.235934607508104,12.133194582887906,9.956629462437473,0,0.5136609510923239,0.6856891513384848
27.040425056100467,-7.240426432787783,27.04491672900052,-7.235934607508104,0,0,0,0.5683521158174039,0.705405020997982
27.04491672900052,-7.240426432838412,27.04940840190057,-7.235934607508104,0,0,0,0.5547066981772947,0.7112845038764801
27.04940840190057,-7.240426432889049,27.053900074800623,-7.235934607508104,0,0,0,0.5456101752874657,0.7006624957449407
27.053900074800623,-7.240426432939695,27.058391747700675,-7.235934607508104,0,0,0,0.5678171339167575,0.7060736106588437
27.058391747700675,-7.24042643299035,27.062883420600727,-7.235934607508104,0,0,0,0.5481577730274891,0.6867827049000064
27.062883420600727,-7.240426433041012,27.06737509350078,-7.235934607508104,0,0,0,0.5378173483841779,0.6673863556685127
27.06737509350078,-7.240426433091684,27.07186676640083,-7.235934607508104,0,0,0,0.5446005294748999,0.6663207054297159
27.07186676640083,-7.240426433142363,27.076358439300883,-7.235934607508104,0,0,0,0.5785035214340921,0.6926061501599948
27.076358439300883,-7.240426433193051,27.080850112200935,-7.235934607508104,0,0,0,0.5807555331992343,0.6923312996135664
27.080850112200935,-7.240426433243747,27.085341785100987,-7.235934607508104,0,0,0,0.5696192901176184,0.6905116291192268
27.085341785100987,-7.240426433294452,27.08983345800104,-7.235934607508104,0,0,0,0.5366091832165242,0.6855852220645836
27.08983345800104,-7.240426433345165,27.09432513090109,-7.235934607508104,0,0,0,0.5489704081308996,0.6864072041395392
27.09432513090109,-7.2404264333958865,27.098816803801142,-7.235934607508104,1.014928841931654,0.9956683938880955,0,0.546242283517726,0.6796945072762567
27.098816803801142,-7.240426433446617,27.103308476701194,-7.235934607508104,0,0,0,0.5707628531650728,0.6838714582730817
27,-7.244918258271013,27.004491672900052,-7.240426433446617,0,0,72.56497947936231,0.20075747568116473,0.11854032908897555
27.004491672900052,-7.244918258321566,27.008983345800104,-7.240426433446617,0,0,99.58857259712603,-0.3431064108015159,-0.6429796995951813
27.008983345800104,-7.244918258372128,27.013475018700156,-7.240426433446617,0,0,99.27933066594062,-0.3399784758598233,-0.6306802634847379
27.013475018700156,-7.244918258422698,27.017966691600208,-7.240426433446617,0,0,20.86825256705682,0.39611094540044006,0.37368767836344274
27.017966691600208,-7.244918258473277,27.02245836450026,-7.240426433446617,0,0,0,0.4367566746448214,0.3791898272577549
27.02245836450026,-7.244918258523864,27.02695003740031,-7.240426433446617,0,0,46.74896000534023,0.14583754298930054,0.14759582190128262
27.02695003740031,-7.244918258574459,27.031441710300363,-7.240426433446617,0,0,15.563288990092525,0.45808598357851826,0.49202665069250034
27.031441710300363,-7.244918258625063,27.035933383200415,-7.240426433446617,0,0,0,0.5394994306561148,0.6993994626610254
27.035933383200415,-7.244918258675675,27.040425056100467,-7.240426433446617,4.201332626591928,11.971406788347366,0,0.5337479073274414,0.6955671131008313
27.040425056100467,-7.244918258726296,27.04491672900052,-7.240426433446617,0,0,0,0.5548744758592901,0.7127004782070998
27.04491672900052,-7.2449182587769245,27.04940840190057,-7.240426433446617,0,0,0,0.5540465530957228,0.7073543560806441
27.04940840190057,-7.244918258827562,27.053900074800623,-7.240426433446617,0,0,0,0.5695251284446453,0.7048669862297247
27.053900074800623,-7.244918258878208,27.058391747700675,-7.240426433446617,0,0,0,0.5748766420387446,0.7052072585441324
27.058391747700675,-7.2449182589288625,27.062883420600727,-7.240426433446617,0,0,0,0.5797633141072537,0.7060821832531033
27.062883420600727,-7.244918258979525,27.06737509350078,-7.240426433446617,0,0,0,0.5889812266689095,0.6973512664562161
27.06737509350078,-7.244918259030197,27.07186676640083,-7.240426433446617,0,0,0,0.5504168713496128,0.6868208412589957
27.07186676640083,-7.244918259080876,27.076358439300883,-7.240426433446617,0,0,0,0.5608948888465614,0.6780975745557976
27.076358439300883,-7.2449182591315635,27.080850112200935,-7.240426433446617,1.190256276684588,0.9956668132379243,0,0.5402191764553479,0.6981493413668248
27.080850112200935,-7.24491825918226,27.085341785100987,-7.240426433446617,0,0,0,0.5510530842980853,0.6884748432088856
27.085341785100987,-7.244918259232965,27.08983345800104,-7.240426433446617,0,0,0,0.5368979248409891,0.686552667322269
27.08983345800104,-7.244918259283678,27.09432513090109,-7.240426433446617,0,0,0,0.5562505112437331,0.6867791598639229
27.09432513090109,-7.2449182593343995,27.098816803801142,-7.240426433446617,0,0,0,0.5753211940715534,0.6815118784169798
27.098816803801142,-7.24491825938513,27.103308476701194,-7.240426433446617,0,0,0,0.568679080107441,0.6816339022950899
27,-7.249410084209526,27.004491672900052,-7.24491825938513,0,0,97.92009399199327,0.026866777728084795,-0.10159991914441148
27.004491672900052,-7.249410084260079,27.008983345800104,-7.24491825938513,0,0,99.58719367560404,-0.4019901185869342,-0.6542212097369461
27.008983345800104,-7.249410084310641,27.013475018700156,-7.24491825938513,0,0,73.31992942189045,0.0046244479971987345,-0.13370910623897367
27.013475018700156,-7.249410084361211,27.017966691600208,-7.24491825938513,0,0,0,0.5314569279461578,0.5235192458327443
27.017966691600208,-7.24941008441179,27.02245836450026,-7.24491825938513,0,0,0,0.452764329658568,0.40327632437650685
27.02245836450026,-7.249410084462377,27.02695003740031,-7.24491825938513,0,0,19.82384905537666,0.4058688944622368,0.3954198246451368
27.02695003740031,-7.249410084512972,27.031441710300363,-7.24491825938513,0,0,77.5522983931105,-0.09516716262764129,-0.18377687552670818
27.031441710300363,-7.249410084563576,27.035933383200415,-7.24491825938513,0,0,12.888348777736702,0.48094679965708,0.5458362207704546
27.035933383200415,-7.249410084614188,27.040425056100467,-7.24491825938513,0,12.943653339953176,0,0.5328175639718745,0.6908203947091371
27.040425056100467,-7.249410084664809,27.04491672900052,-7.24491825938513,0,0,0,0.5552695407821573,0.7168491336527142
27.04491672900052,-7.2494100847154375,27.04940840190057,-7.24491825938513,0,0,0,0.55798560407799,0.7082910857164528
27.04940840190057,-7.249410084766075,27.053900074800623,-7.24491825938513,0,0,0,0.557106467038069,0.7045307055364698
27.053900074800623,-7.249410084816721,27.058391747700675,-7.24491825938513,0,0,0,0.5743058067196166,0.7011178508469386
27.058391747700675,-7.2494100848673755,27.062883420600727,-7.24491825938513,0,0,0,0.5811998061013398,0.7055586260536758
27.062883420600727,-7.249410084918038,27.06737509350078,-7.24491825938513,0,0,0,0.5819695951611277,0.7126461846288439
27.06737509350078,-7.2494100849687095,27.07186676640083,-7.24491825938513,0,0,0,0.5342476550369264,0.7029194833037895
27.07186676640083,-7.249410085019389,27.076358439300883,-7.24491825938513,0,0,0,0.5575224347446909,0.7106911742668414
27.076358439300883,-7.2494100850700764,27.080850112200935,-7.24491825938513,0,0,0,0.5678466062038202,0.6972588352211877
27.080850112200935,-7.249410085120773,27.085341785100987,-7.24491825938513,0,0,0,0.565123548157785,0.6725038343220423
27.085341785100987,-7.249410085171478,27.08983345800104,-7.24491825938513,0,0,0,0.55123086886893,0.6922404627315776
27.08983345800104,-7.249410085222191,27.09432513090109,-7.24491825938513,0,0,0,0.5490464434185223,0.6928515757340492
27.09432513090109,-7.249410085272912,27.098816803801142,-7.24491825938513,0,0,0,0.5696919011969171,0.6851510607603896
27.098816803801142,-7.2494100853236425,27.103308476701194,-7.24491825938513,0,0,0,0.5850795167671667,0.6858518221424181
27,-7.253901910148039,27.004491672900052,-7.2494100853236425,0,0,99.5872201863677,0.20272331769980248,0.10892599415697243
27.004491672900052,-7.253901910198592,27.008983345800104,-7.2494100853236425,0,0,99.61111504840211,-0.4241149762563485,-0.6771430720450515
27.008983345800104,-7.253901910249154,27.013475018700156,-7.2494100853236425,0,0,47.80604672454991,0.245417616408026,0.19001323845991014
27.013475018700156,-7.2539019102997235,27.017966691600208,-7.2494100853236425,0,0,0,0.5562577056832599,0.5459820028608968
27.017966691600208,-7.253901910350303,27.02245836450026,-7.2494100853236425,0,0,0,0.403610407098442,0.4761688687220345
27.02245836450026,-7.25390191040089,27.02695003740031,-7.2494100853236425,0,0,0,0.5466086864629115,0.5618655614002548
27.02695003740031,-7.253901910451485,27.031441710300363,-7.2494100853236425,0,0,50.26871140021474,0.16163670998427548,0.08536224136367244
27.031441710300363,-7.253901910502089,27.035933383200415,-7.2494100853236425,0,0,23.980315557029012,0.3598930395281976,0.4273071195677408
27.035933383200415,-7.253901910552701,27.040425056100467,-7.2494100853236425,0,13.927607549671913,0,0.5442701764031305,0.6909250822069316
27.040425056100467,-7.253901910603322,27.04491672900052,-7.2494100853236425,0,0,0,0.5585573227748112,0.713475607825157
27.04491672900052,-7.25390191065395,27.04940840190057,-7.2494100853236425,0,0,0,0.5650031445884175,0.7161305091777597
27.04940840190057,-7.253901910704588,27.053900074800623,-7.2494100853236425,0,0,0,0.557878986815413,0.7098005156263731
27.053900074800623,-7.253901910755234,27.058391747700675,-7.2494100853236425,0,0,0,0.5720235372083162,0.7060060213783428
27.058391747700675,-7.253901910805888,27.062883420600727,-7.2494100853236425,0,0,0,0.5760869286208707,0.7021100923029653
27.062883420600727,-7.253901910856551,27.06737509350078,-7.2494100853236425,0,0,0,0.5596705232706275,0.7101084195873254
27.06737509350078,-7.2539019109072225,27.07186676640083,-7.2494100853236425,0,0,0,0.5543133686511382,0.7161120769061883
27.07186676640083,-7.253901910957902,27.076358439300883,-7.2494100853236425,0,0,0,0.5494575668735543,0.702641653839981
27.076358439300883,-7.253901911008589,27.080850112200935,-7.2494100853236425,0,0,0,0.5329289903406236,0.6963322128074609
27.080850112200935,-7.253901911059286,27.085341785100987,-7.2494100853236425,0,0,0,0.557403359316711,0.6757775944930486
27.085341785100987,-7.253901911109991,27.08983345800104,-7.2494100853236425,0,0,0,0.5279008138459824,0.6559210623762595
27.08983345800104,-7.253901911160704,27.09432513090109,-7.2494100853236425,0,0,0,0.5606785360809952,0.691452074338616
27.09432513090109,-7.253901911211425,27.098816803801142,-7.2494100853236425,0,0,0,0.5713704238030789,0.6870941470656804
27.098816803801142,-7.2539019112621554,27.103308476701194,-7.2494100853236425,0,0,0,0.5764547161483402,0.6884635369506652
27,-7.258393736086552,27.004491672900052,-7.2539019112621554,0,0,99.56475637422284,0.27255427538195504,0.22411376969255065
27.004491672900052,-7.258393736137105,27.008983345800104,-7.2539019112621554,0,0,99.58865125207006,-0.3657616950737305,-0.5594939403496213
27.008983345800104,-7.258393736187667,27.013475018700156,-7.2539019112621554,0,0,36.330345349422004,0.4598288447779045,0.46079896093715567
27.013475018700156,-7.2583937362382365,27.017966691600208,-7.2539019112621554,0,0,0,0.5569117084857361,0.5227214347442999
27.017966691600208,-7.258393736288816,27.02245836450026,-7.2539019112621554,0,0,0,0.3190041442270917,0.46230763268188296
27.02245836450026,-7.258393736339403,27.02695003740031,-7.2539019112621554,0,0,19.036619597783524,0.3073418591353729,0.35638574778056953
27.02695003740031,-7.258393736389998,27.031441710300363,-7.2539019112621554,0,0,75.56054639166499,-0.04387928399471411,-0.1704261753086821
27.031441710300363,-7.258393736440602,27.035933383200415,-7.2539019112621554,0,0,24.915091871960104,0.4885538572543155,0.5604704649470561
27.035933383200415,-7.258393736491214,27.040425056100467,-7.2539019112621554,0,1.979626359201868,0,0.5393349366456812,0.701671409313622
27.040425056100467,-7.2583937365418345,27.04491672900052,-7.2539019112621554,0,0,0,0.5550957284902238,0.7119669955480464
27.04491672900052,-7.258393736592463,27.04940840190057,-7.2539019112621554,0,0,0,0.5634343294203455,0.7147709609721881
27.04940840190057,-7.258393736643101,27.053900074800623,-7.2539019112621554,0,0,0,0.5548743032029743,0.709841135035562
27.053900074800623,-7.258393736693747,27.058391747700675,-7.2539019112621554,0,0,0,0.5700449753945656,0.7072919550633775
27.058391747700675,-7.258393736744401,27.062883420600727,-7.2539019112621554,0,0,0,0.5721967774459772,0.7073504595239758
27.062883420600727,-7.258393736795064,27.06737509350078,-7.2539019112621554,0,0,0,0.5474674878272726,0.6975743789123886
27.06737509350078,-7.258393736845735,27.07186676640083,-7.2539019112621554,0,0,0,0.5327307167859988,0.6887829865129059
27.07186676640083,-7.258393736896415,27.076358439300883,-7.2539019112621554,0,0,0,0.5255219758399939,0.6933677284237407
27.076358439300883,-7.258393736947102,27.080850112200935,-7.2539019112621554,3.042965106772459,2.987003775790922,0,0.5270005331812494,0.6969969066092948
27.080850112200935,-7.258393736997799,27.085341785100987,-7.2539019112621554,0,0,0,0.5471783042672432,0.6992452486748857
27.085341785100987,-7.258393737048504,27.08983345800104,-7.2539019112621554,0,0,0,0.5207830714778346,0.6789166900144262
27.08983345800104,-7.258393737099217,27.09432513090109,-7.2539019112621554,0,0,0,0.5345220668141776,0.6721510131006712
27.09432513090109,-7.258393737149938,27.098816803801142,-7.2539019112621554,0,0,0,0.5632389015815328,0.6922027114556943
27.098816803801142,-7.258393737200668,27.103308476701194,-7.2539019112621554,0,0,0,0.5701369194871501,0.688360715636349
27,-7.2628855620250645,27.004491672900052,-7.258393737200668,0,0,95.1257466047967,-0.06869341915457314,-0.2043364818231407
27.004491672900052,-7.262885562075618,27.008983345800104,-7.258393737200668,0,0,99.26678650012644,-0.19652593508276966,-0.30319099260002197
27.008983345800104,-7.26288556212618,27.013475018700156,-7.258393737200668,0,0,27.25833629643616,0.3610800748262817,0.31448845029502953
27.013475018700156,-7.262885562176749,27.017966691600208,-7.258393737200668,0,0,0,0.51846661165138,0.4681087605747109
27.017966691600208,-7.2628855622273285,27.02245836450026,-7.258393737200668,0,0,27.95684056783059,0.19443586621387599,0.3004475692289009
27.02245836450026,-7.262885562277916,27.02695003740031,-7.258393737200668,0,0,40.56843040475487,0.25270190781811025,0.19130794939301807
27.02695003740031,-7.262885562328511,27.031441710300363,-7.258393737200668,0,0,84.75484483234766,0.011791432839138936,-0.09932583713454066
27.031441710300363,-7.262885562379115,27.035933383200415,-7.258393737200668,0,0,11.598013047892444,0.48867034127684666,0.5860671879341323
27.035933383200415,-7.262885562429727,27.040425056100467,-7.258393737200668,0,7.492870337337652,0,0.5431464560870873,0.687761247447092
27.040425056100467,-7.2628855624803474,27.04491672900052,-7.258393737200668,0,0.47245280382007726,0,0.5406400596728935,0.7180923858272893
27.04491672900052,-7.262885562530976,27.04940840190057,-7.258393737200668,0,0,0,0.5558773332944491,0.7175666908732152
27.04940840190057,-7.262885562581614,27.053900074800623,-7.258393737200668,0,0,0,0.5629635787144962,0.7136960433964918
27.053900074800623,-7.26288556263226,27.058391747700675,-7.258393737200668,0,0,0,0.5765653389063363,0.7107442298752171
27.058391747700675,-7.262885562682914,27.062883420600727,-7.258393737200668,0,0,0,0.5622299903990029,0.7035057452762276
27.062883420600727,-7.262885562733577,27.06737509350078,-7.258393737200668,0,0,0,0.5193029192796426,0.6762330563499351
27.06737509350078,-7.262885562784248,27.07186676640083,-7.258393737200668,0,0,0,0.5183930968967058,0.6857849257436985
27.07186676640083,-7.262885562834928,27.076358439300883,-7.258393737200668,0,0,0,0.5231518700560637,0.6998266879797562
27.076358439300883,-7.262885562885615,27.080850112200935,-7.258393737200668,0,0,0,0.5505632199758239,0.7085624370479459
27.080850112200935,-7.262885562936312,27.085341785100987,-7.258393737200668,0,0,0,0.5545897815981506,0.7067297145953596
27.085341785100987,-7.262885562987017,27.08983345800104,-7.258393737200668,0,0,0,0.5448243158527016,0.6959443199476542
27.08983345800104,-7.26288556303773,27.09432513090109,-7.258393737200668,0,0,0,0.5133449707153535,0.6687165585226844
27.09432513090109,-7.262885563088451,27.098816803801142,-7.258393737200668,0,0,0,0.5568905090273725,0.6927006521751304
27.098816803801142,-7.262885563139181,27.103308476701194,-7.258393737200668,0,0,0,0.5782706125431941,0.6914334055713093
27,-7.2673773879635775,27.004491672900052,-7.262885563139181,0,0,82.48058914605511,-0.1456577846485824,-0.2613953420678908
27.004491672900052,-7.267377388014131,27.008983345800104,-7.262885563139181,0,0,69.02435951903712,0.0056452554427171365,-0.08588039534291282
27.008983345800104,-7.267377388064693,27.013475018700156,-7.262885563139181,0,0,0,0.5461009733629534,0.5355388251347741
27.013475018700156,-7.267377388115262,27.017966691600208,-7.262885563139181,0,0,25.242564398611055,0.2505139351284184,0.32530958429732176
27.017966691600208,-7.2673773881658414,27.02245836450026,-7.262885563139181,0,0,24.344462155322322,0.3212591222979006,0.2606834128815471
27.02245836450026,-7.2673773882164285,27.02695003740031,-7.262885563139181,0,0,13.586983443011233,0.46903937850726285,0.44714625821757337
27.02695003740031,-7.267377388267024,27.031441710300363,-7.262885563139181,0,0,40.522011676704885,0.3015159894459166,0.29153277658298626
27.031441710300363,-7.267377388317628,27.035933383200415,-7.262885563139181,0,0,0,0.5509586559963948,0.675543719435039
27.035933383200415,-7.2673773883682395,27.040425056100467,-7.262885563139181,0,12.943647887382753,0,0.5357617460002444,0.6946913166028498
27.040425056100467,-7.26737738841886,27.04491672900052,-7.262885563139181,0,0,0,0.5457052453109748,0.7131579030436626
27.04491672900052,-7.267377388469489,27.04940840190057,-7.262885563139181,0,0,0,0.5468956832928331,0.7135226135994904
27.04940840190057,-7.267377388520127,27.053900074800623,-7.262885563139181,0,0,0,0.5492285935626758,0.7132348928396507
27.053900074800623,-7.267377388570773,27.058391747700675,-7.262885563139181,0,0,0,0.5460371493691064,0.7081585630217494
27.058391747700675,-7.267377388621427,27.062883420600727,-7.262885563139181,0,0,0,0.5039754454722172,0.676282579562022
27.062883420600727,-7.26737738867209,27.06737509350078,-7.262885563139181,2.370720618827243,2.057703564939302,0,0.5065572075659378,0.6813780286522869
27.06737509350078,-7.267377388722761,27.07186676640083,-7.262885563139181,1.2325524065667814,2.9323245386863195,0,0.49915739547698645,0.6881153652908577
27.07186676640083,-7.267377388773441,27.076358439300883,-7.262885563139181,0,0,0,0.5172833445928253,0.6998703116437947
27.076358439300883,-7.267377388824128,27.080850112200935,-7.262885563139181,0,0,0,0.5500214782663304,0.7000587210848868
27.080850112200935,-7.2673773888748245,27.085341785100987,-7.262885563139181,0,0,0,0.5748289675520502,0.7116736362781991
27.085341785100987,-7.26737738892553,27.08983345800104,-7.262885563139181,0,0,0,0.5592792209875443,0.69470024552507
27.08983345800104,-7.267377388976243,27.09432513090109,-7.262885563139181,0,0,0,0.5422203963839083,0.681086722921292
27.09432513090109,-7.267377389026964,27.098816803801142,-7.262885563139181,0,0,0,0.5319615230295535,0.6764576333949767
27.098816803801142,-7.267377389077694,27.103308476701194,-7.262885563139181,0,0,0,0.5566077069903168,0.704098088594631
27,-7.27186921390209,27.004491672900052,-7.267377389077694,0,0,71.98323988782457,-0.01780715680066281,-0.13008013643839206
27.004491672900052,-7.271869213952644,27.008983345800104,-7.267377389077694,0,0,9.63292535760173,0.5898297829492894,0.5812711731739688
27.008983345800104,-7.271869214003206,27.013475018700156,-7.267377389077694,0,0,5.036418352674311,0.47134595118776434,0.5225328435880496
27.013475018700156,-7.271869214053775,27.017966691600208,-7.267377389077694,0,0,44.05019290040562,0.15172970305157257,0.10479382089208443
27.017966691600208,-7.271869214104354,27.02245836450026,-7.267377389077694,0,0,0,0.5247302417328975,0.4812599839525006
27.02245836450026,-7.2718692141549415,27.02695003740031,-7.267377389077694,0,0,24.17718771104137,0.4215179048506464,0.3627680122363859
27.02695003740031,-7.271869214205537,27.031441710300363,-7.267377389077694,0,0,50.63996101646032,0.11020460260954641,0.0793486793189416
27.031441710300363,-7.2718692142561405,27.035933383200415,-7.267377389077694,0,0,0,0.5534875362754793,0.7014050604852615
27.035933383200415,-7.2718692143067525,27.040425056100467,-7.267377389077694,0,10.9640524655831,0,0.536019014860748,0.7020697956355504
27.040425056100467,-7.271869214357373,27.04491672900052,-7.267377389077694,0,0,0,0.5531960193032769,0.7088403741877761
27.04491672900052,-7.271869214408002,27.04940840190057,-7.267377389077694,0,0,0,0.553994154900057,0.7092178368127049
27.04940840190057,-7.27186921445864,27.053900074800623,-7.267377389077694,0,0.03123644531791164,0,0.5488424338349299,0.7019148010268679
27.053900074800623,-7.271869214509286,27.058391747700675,-7.267377389077694,0,0.0039045556207105503,0,0.5190022970044079,0.687149581275659
27.058391747700675,-7.27186921455994,27.062883420600727,-7.267377389077694,0,0,0,0.5144397461405337,0.6853525131832536
27.062883420600727,-7.271869214610603,27.06737509350078,-7.267377389077694,0.7952204770486906,0.5193109287465884,0,0.502234305692261,0.6942616708005195
27.06737509350078,-7.271869214661274,27.07186676640083,-7.267377389077694,4.485972042272617,3.974863237393167,0,0.5121066430340484,0.6996576390969731
27.07186676640083,-7.271869214711954,27.076358439300883,-7.267377389077694,0.658471836803473,1.4642177979300812,0,0.5300506531822813,0.6917937574274956
27.076358439300883,-7.271869214762641,27.080850112200935,-7.267377389077694,0,0,0,0.57290482073161,0.7075080084441959
27.080850112200935,-7.2718692148133375,27.085341785100987,-7.267377389077694,0,0,0,0.5721104969459805,0.7082330086394425
27.085341785100987,-7.271869214864043,27.08983345800104,-7.267377389077694,0,0,0,0.5630352295953364,0.6871681901328348
27.08983345800104,-7.271869214914756,27.09432513090109,-7.267377389077694,0,0,0,0.5623783243083015,0.6798123424950383
27.09432513090109,-7.271869214965477,27.098816803801142,-7.267377389077694,0,0,0,0.5432169387741534,0.6809352492344397
27.098816803801142,-7.271869215016207,27.103308476701194,-7.267377389077694,0,0,0,0.5279803362583169,0.6770812239667139
27,-7.276361039840603,27.004491672900052,-7.271869215016207,0,0,40.48967935725917,0.2546229028269009,0.1943224674544745
27.004491672900052,-7.276361039891157,27.008983345800104,-7.271869215016207,0,0,0,0.5118286638562057,0.5205268585575852
27.008983345800104,-7.276361039941719,27.013475018700156,-7.271869215016207,0,0,45.6132488240515,0.09921396974089693,0.15427125015053736
27.013475018700156,-7.276361039992288,27.017966691600208,-7.271869215016207,0,0,10.806629654125452,0.5266187564182097,0.47707466079680116
27.017966691600208,-7.276361040042867,27.02245836450026,-7.271869215016207,0,0,0,0.5471560761570171,0.4930258042692769
27.02245836450026,-7.276361040093454,27.02695003740031,-7.271869215016207,0,0,0,0.6593801427486838,0.6517711505392565
27.02695003740031,-7.2763610401440495,27.031441710300363,-7.271869215016207,0,0,3.225968670895665,0.5715102833528872,0.6456973191893243
27.031441710300363,-7.2763610401946535,27.035933383200415,-7.271869215016207,0,0.5232141614052757,0,0.5496767120062119,0.6932093064120327
27.035933383200415,-7.276361040245265,27.040425056100467,-7.271869215016207,0,2.4520821926843506,0,0.5583340436030519,0.7025425116671028
27.040425056100467,-7.276361040295886,27.04491672900052,-7.271869215016207,0,0,0,0.5667742895512863,0.7059247704982814
27.04491672900052,-7.276361040346515,27.04940840190057,-7.271869215016207,0,0,0,0.5763878988048226,0.7038493009578444
27.04940840190057,-7.276361040397153,27.053900074800623,-7.271869215016207,0,5.470333263651899,0,0.5245335940155159,0.690222336115827
27.053900074800623,-7.2763610404477985,27.058391747700675,-7.271869215016207,0,0.4646467670684326,0,0.5241842205956436,0.6834532925041916
27.058391747700675,-7.276361040498453,27.062883420600727,-7.271869215016207,0,0,0,0.5160407546107854,0.6914640892136688
27.062883420600727,-7.276361040549116,27.06737509350078,-7.271869215016207,0,0,0,0.516186632852525,0.6909167273799977
27.06737509350078,-7.276361040599787,27.07186676640083,-7.271869215016207,1.3910836572353604,1.9913286181601586,0,0.5167202221079603,0.6941231295774964
27.07186676640083,-7.276361040650467,27.076358439300883,-7.271869215016207,0,0,0,0.5087453083488953,0.692766415936156
27.076358439300883,-7.276361040701154,27.080850112200935,-7.271869215016207,0,0,0,0.5713110046529138,0.7083602210564759
27.080850112200935,-7.27636104075185,27.085341785100987,-7.271869215016207,0,0,0,0.585173662998996,0.7020530997021671
27.085341785100987,-7.276361040802556,27.08983345800104,-7.271869215016207,0,0,0,0.5876244457943677,0.6917000954149142
27.08983345800104,-7.276361040853269,27.09432513090109,-7.271869215016207,0,0,0,0.5662769516417259,0.6768218906681043
27.09432513090109,-7.27636104090399,27.098816803801142,-7.271869215016207,0,0,0,0.5668792441636978,0.6817988827251232
27.098816803801142,-7.27636104095472,27.103308476701194,-7.271869215016207,0,0,0,0.549852592613498,0.689880340859953
27,-7.280852865779116,27.004491672900052,-7.27636104095472,0,0,0,0.6008845102199508,0.5624666793338139
27.004491672900052,-7.28085286582967,27.008983345800104,-7.27636104095472,0,0,0,0.44689186869521114,0.5100784562126596
27.008983345800104,-7.280852865880232,27.013475018700156,-7.27636104095472,0,0,46.912113533164515,0.1414551466415383,0.06998710130398417
27.013475018700156,-7.280852865930801,27.017966691600208,-7.27636104095472,0,0,4.98444822091669,0.5075819963963942,0.4455214499576673
27.017966691600208,-7.28085286598138,27.02245836450026,-7.27636104095472,0,0,0,0.5433522267052593,0.5186784735353555
27.02245836450026,-7.280852866031967,27.02695003740031,-7.27636104095472,0,0,0,0.5707002676830525,0.6034380333230176
27.02695003740031,-7.280852866082562,27.031441710300363,-7.27636104095472,0,0,0,0.510275341439947,0.6546303578460821
27.031441710300363,-7.280852866133166,27.035933383200415,-7.27636104095472,0,0,0,0.5544935700436407,0.6863377399925579
27.035933383200415,-7.280852866183778,27.040425056100467,-7.27636104095472,0,0,0,0.5752982944923862,0.6987912378539727
27.040425056100467,-7.280852866234399,27.04491672900052,-7.27636104095472,0,0,0,0.5644257940551811,0.7038910869437417
27.04491672900052,-7.280852866285028,27.04940840190057,-7.27636104095472,0,0,0,0.5623649194896739,0.7028087411256927
27.04940840190057,-7.280852866335666,27.053900074800623,-7.27636104095472,0,0,0,0.5256642233289445,0.6907103123247719
27.053900074800623,-7.2808528663863115,27.058391747700675,-7.27636104095472,0,0,0,0.5137314998218211,0.6861634319743796
27.058391747700675,-7.280852866436966,27.062883420600727,-7.27636104095472,0,0,0,0.500767514442411,0.685210646066052
27.062883420600727,-7.280852866487629,27.06737509350078,-7.27636104095472,0,0,0,0.4932275997614923,0.6932006133492481
27.06737509350078,-7.2808528665383,27.07186676640083,-7.27636104095472,0,0,0,0.5081989839759182,0.6972370614836659
27.07186676640083,-7.28085286658898,27.076358439300883,-7.27636104095472,0,0,0,0.49577336316921883,0.6601626104421693
27.076358439300883,-7.280852866639667,27.080850112200935,-7.27636104095472,0,0,0,0.5215762175038808,0.6665672954466351
27.080850112200935,-7.280852866690363,27.085341785100987,-7.27636104095472,0,0,0,0.5618509753124654,0.7042975682142729
27.085341785100987,-7.280852866741069,27.08983345800104,-7.27636104095472,0,0,0,0.5814836028135361,0.6943490519910825
27.08983345800104,-7.280852866791782,27.09432513090109,-7.27636104095472,0,0,0,0.5641458219056342,0.676389191760667
27.09432513090109,-7.280852866842503,27.098816803801142,-7.27636104095472,0,0,0,0.565179092524346,0.679698045109396
27.098816803801142,-7.280852866893233,27.103308476701194,-7.27636104095472,0,0,0,0.5552504174148357,0.6895887463542436
27,-7.285344691717629,27.004491672900052,-7.280852866893233,0,0,0,0.5208417931805102,0.4889344507543294
27.004491672900052,-7.285344691768183,27.008983345800104,-7.280852866893233,0,0,29.09268629170304,0.20824518867455874,0.2508028325835095
27.008983345800104,-7.285344691818745,27.013475018700156,-7.280852866893233,0,0,23.487018088378488,0.3657606943311289,0.29199562519900096
27.013475018700156,-7.285344691869314,27.017966691600208,-7.280852866893233,0,0,0,0.5498789836730078,0.48463233942046063
27.017966691600208,-7.285344691919893,27.02245836450026,-7.280852866893233,0,0,0,0.5603093885035393,0.555617409114394
27.02245836450026,-7.28534469197048,27.02695003740031,-7.280852866893233,0,0,0,0.5422406156627725,0.5602412003100223
27.02695003740031,-7.285344692021075,27.031441710300363,-7.280852866893233,0,0,0,0.5140540621378616,0.6547392612080821
27.031441710300363,-7.285344692071679,27.035933383200415,-7.280852866893233,0,0,0,0.5625596678078216,0.6897189924332394
27.035933383200415,-7.285344692122291,27.040425056100467,-7.280852866893233,0,0,0,0.5566178240082303,0.6979933623110585
27.040425056100467,-7.285344692172912,27.04491672900052,-7.280852866893233,0,0,0,0.549474656950436,0.6965970142214215
27.04491672900052,-7.285344692223541,27.04940840190057,-7.280852866893233,0,0,0,0.5467930103966102,0.696297203286138
27.04940840190057,-7.285344692274179,27.053900074800623,-7.280852866893233,0,0,0,0.5072788295397525,0.6788120456344484
27.053900074800623,-7.285344692324824,27.058391747700675,-7.280852866893233,0,0,0,0.4959314890595738,0.6875627778614843
27.058391747700675,-7.285344692375479,27.062883420600727,-7.280852866893233,0,0,0,0.506928572850854,0.6830677056006975
27.062883420600727,-7.285344692426142,27.06737509350078,-7.280852866893233,0,0,0,0.5014180795906966,0.681601219648631
27.06737509350078,-7.285344692476813,27.07186676640083,-7.280852866893233,0,0,0,0.5186223690764888,0.6900683562614993
27.07186676640083,-7.2853446925274925,27.076358439300883,-7.280852866893233,0,0,0,0.5016285087413,0.6748390358233537
27.076358439300883,-7.28534469257818,27.080850112200935,-7.280852866893233,0,0,0,0.525300870661509,0.6879074276905515
27.080850112200935,-7.285344692628876,27.085341785100987,-7.280852866893233,2.103958355935607,1.9913335032540957,0,0.5276793356866586,0.6885771995985323
27.085341785100987,-7.2853446926795815,27.08983345800104,-7.280852866893233,0,0,0,0.5603324743124911,0.6931853233545087
27.08983345800104,-7.285344692730295,27.09432513090109,-7.280852866893233,0,0,0,0.5708061769449851,0.67511190258657
27.09432513090109,-7.285344692781016,27.098816803801142,-7.280852866893233,0,0,0,0.5679734216350093,0.6778369758131142
27.098816803801142,-7.285344692831746,27.103308476701194,-7.280852866893233,0,0,0,0.5576569968762146,0.6828332589926828
27,-7.289836517656142,27.004491672900052,-7.285344692831746,0,0,0,0.38439661934915986,0.44657844267956753
27.004491672900052,-7.2898365177066955,27.008983345800104,-7.285344692831746,0,0,44.0825733448448,0.1355875967981653,0.16932228860227425
27.008983345800104,-7.289836517757258,27.013475018700156,-7.285344692831746,0,0,0,0.5552703258359314,0.4789411670200116
27.013475018700156,-7.289836517807827,27.017966691600208,-7.285344692831746,0,0,0,0.5432832852468544,0.5013023283074927
27.017966691600208,-7.289836517858406,27.02245836450026,-7.285344692831746,0,0,0,0.5433566738089165,0.5616735471877681
27.02245836450026,-7.289836517908993,27.02695003740031,-7.285344692831746,0,0,0,0.5271002378136289,0.5419435215160385
27.02695003740031,-7.289836517959588,27.031441710300363,-7.285344692831746,0,0,0,0.5246489185265092,0.6658196896342541
27.031441710300363,-7.289836518010192,27.035933383200415,-7.285344692831746,0,0.9956656065368454,0,0.5532361470944088,0.6893314622189053
27.035933383200415,-7.289836518060804,27.040425056100467,-7.285344692831746,0,0,0,0.5650564385789054,0.7024396720361025
27.040425056100467,-7.289836518111425,27.04491672900052,-7.285344692831746,0,0,0,0.5722664792650138,0.6913313761683704
27.04491672900052,-7.289836518162054,27.04940840190057,-7.285344692831746,0,0,0,0.5421453076517269,0.687381494642875
27.04940840190057,-7.289836518212692,27.053900074800623,-7.285344692831746,0,0,0,0.501435916864896,0.6840526006706014
27.053900074800623,-7.289836518263337,27.058391747700675,-7.285344692831746,0,0,0,0.5110747832018873,0.6965224748060195
27.058391747700675,-7.289836518313992,27.062883420600727,-7.285344692831746,0,0,0,0.517815612815808,0.6803446217395871
27.062883420600727,-7.2898365183646545,27.06737509350078,-7.285344692831746,3.1587980562766793,2.9869948079383026,0,0.5227983562565486,0.6960447658127191
27.06737509350078,-7.289836518415326,27.07186676640083,-7.285344692831746,0,0,0,0.5212524212793251,0.6932996863338277
27.07186676640083,-7.289836518466005,27.076358439300883,-7.285344692831746,0,0,0,0.5250712141583601,0.7011668993206823
27.076358439300883,-7.289836518516693,27.080850112200935,-7.285344692831746,0,0,0,0.5758203646213229,0.7061438370247552
27.080850112200935,-7.289836518567389,27.085341785100987,-7.285344692831746,0,0,0,0.5715179321111029,0.7035342365499472
27.085341785100987,-7.2898365186180945,27.08983345800104,-7.285344692831746,0,0,0,0.5680427648941649,0.6995099863258886
27.08983345800104,-7.289836518668808,27.09432513090109,-7.285344692831746,0,0,0,0.5564584657580653,0.6769103168019034
27.09432513090109,-7.289836518719529,27.098816803801142,-7.285344692831746,0,0,0,0.571869630343204,0.6775575963511767
27.098816803801142,-7.289836518770259,27.103308476701194,-7.285344692831746,0,0,0,0.5609387062752664,0.6728405437837455
27,-7.294328343594655,27.004491672900052,-7.289836518770259,0,0,15.37355215097608,0.32037828809101426,0.38807807161374946
27.004491672900052,-7.294328343645208,27.008983345800104,-7.289836518770259,0,0,25.128836097665207,0.3676723901298218,0.3185462933949189
27.008983345800104,-7.294328343695771,27.013475018700156,-7.289836518770259,0,0,0,0.46396299524056683,0.4369409119381385
27.013475018700156,-7.29432834374634,27.017966691600208,-7.289836518770259,0,0,0,0.5952397366727663,0.5754676990796008
27.017966691600208,-7.294328343796919,27.02245836450026,-7.289836518770259,0,0,0,0.562132954207444,0.5767874646044984
27.02245836450026,-7.294328343847506,27.02695003740031,-7.289836518770259,0,0,0,0.509878930358158,0.6088066385602832
27.02695003740031,-7.294328343898101,27.031441710300363,-7.289836518770259,0,0,0,0.5419405011478977,0.67346390605202
27.031441710300363,-7.294328343948705,27.035933383200415,-7.289836518770259,0,3.002620746528009,0,0.5516719580851555,0.6833665043399335
27.035933383200415,-7.294328343999317,27.040425056100467,-7.289836518770259,0,0,0,0.5762806337955156,0.684356854351327
27.040425056100467,-7.294328344049938,27.04491672900052,-7.289836518770259,0,0,0,0.5769820781129095,0.6886655891195704
27.04491672900052,-7.294328344100567,27.04940840190057,-7.289836518770259,0,0,0,0.5616469327155011,0.696151989245424
27.04940840190057,-7.294328344151205,27.053900074800623,-7.289836518770259,0,0,0,0.497461078779938,0.6746929932130179
27.053900074800623,-7.29432834420185,27.058391747700675,-7.289836518770259,0,0,0,0.5159811968825837,0.6839926342610106
27.058391747700675,-7.294328344252505,27.062883420600727,-7.289836518770259,0,0,0,0.5206107786202155,0.6978843509100385
27.062883420600727,-7.2943283443031675,27.06737509350078,-7.289836518770259,0,0,0,0.5462183567157095,0.7128889531501152
27.06737509350078,-7.294328344353839,27.07186676640083,-7.289836518770259,0,0,0,0.5248415392240038,0.6942106645300973
27.07186676640083,-7.294328344404518,27.076358439300883,-7.289836518770259,0,0,0,0.5259005652008927,0.6904783607356406
27.076358439300883,-7.294328344455206,27.080850112200935,-7.289836518770259,0,0,0,0.5606061997374405,0.6970935203202127
27.080850112200935,-7.294328344505902,27.085341785100987,-7.289836518770259,0,0,0,0.5432124562904833,0.6592950670423657
27.085341785100987,-7.294328344556607,27.08983345800104,-7.289836518770259,0,0,0,0.5414844760435774,0.6684714446874408
27.08983345800104,-7.294328344607321,27.09432513090109,-7.289836518770259,0,0,0,0.5078383819341424,0.6058713222955543
27.09432513090109,-7.294328344658042,27.098816803801142,-7.289836518770259,0,0,0,0.520879111894226,0.6743085376421428
27.098816803801142,-7.294328344708772,27.103308476701194,-7.289836518770259,0,0,0,0.5461553890433355,0.6732782845603144
27,-7.298820169533168,27.004491672900052,-7.294328344708772,0,0,38.48388400952237,0.1982702154308219,0.19604509720735402
27.004491672900052,-7.298820169583721,27.008983345800104,-7.294328344708772,0,0,0,0.5493739672955438,0.49635421892026754
27.008983345800104,-7.298820169634284,27.013475018700156,-7.294328344708772,0,0,75.07149206301006,-0.014867108232776496,-0.16949093053179334
27.013475018700156,-7.298820169684853,27.017966691600208,-7.294328344708772,0,0,0,0.5721222106020117,0.5527332021368621
27.017966691600208,-7.298820169735432,27.02245836450026,-7.294328344708772,0,0,0,0.544921317031202,0.5473747209769438
27.02245836450026,-7.298820169786019,27.02695003740031,-7.294328344708772,0,0,0,0.5279871011821204,0.6487646478547366
27.02695003740031,-7.298820169836614,27.031441710300363,-7.294328344708772,0,0,0,0.5673951037404387,0.6828806331035833
27.031441710300363,-7.298820169887218,27.035933383200415,-7.294328344708772,0,1.9757246479146902,0,0.5552026846294568,0.6777263312549674
27.035933383200415,-7.29882016993783,27.040425056100467,-7.294328344708772,0,0,0,0.560114298983863,0.6781125425892581
27.040425056100467,-7.298820169988451,27.04491672900052,-7.294328344708772,0,0,0,0.5601745441122568,0.6763598860728001
27.04491672900052,-7.29882017003908,27.04940840190057,-7.294328344708772,0,0,0,0.573987269904636,0.6979171737888115
27.04940840190057,-7.2988201700897175,27.053900074800623,-7.294328344708772,0.01722718012133169,0.015618246903014821,0,0.5152314988769525,0.6830987737840538
27.053900074800623,-7.298820170140363,27.058391747700675,-7.294328344708772,0,0,0,0.5086187150819179,0.6801369530651431
27.058391747700675,-7.298820170191018,27.062883420600727,-7.294328344708772,0,0,0,0.5382827874929454,0.6967842010584273
27.062883420600727,-7.29882017024168,27.06737509350078,-7.294328344708772,0,0,0,0.532158967294487,0.680920988730116
27.06737509350078,-7.298820170292352,27.07186676640083,-7.294328344708772,0,0,0,0.5265298963601139,0.6925555908030342
27.07186676640083,-7.298820170343031,27.076358439300883,-7.294328344708772,0,0,0,0.5628544826476871,0.7102588469363288
27.076358439300883,-7.298820170393719,27.080850112200935,-7.294328344708772,0,0,0,0.5539098039850332,0.6837152817940056
27.080850112200935,-7.298820170444415,27.085341785100987,-7.294328344708772,0,0,0,0.5247106536028872,0.6213173679035495
27.085341785100987,-7.29882017049512,27.08983345800104,-7.294328344708772,0,0,0,0.5472868875248803,0.6730573694144467
27.08983345800104,-7.2988201705458335,27.09432513090109,-7.294328344708772,0,0,0,0.5594571145533628,0.6784202686448917
27.09432513090109,-7.298820170596555,27.098816803801142,-7.294328344708772,0,0,0,0.5491148496661344,0.6722531423629403
27.098816803801142,-7.298820170647285,27.103308476701194,-7.294328344708772,0,0,0,0.5518271795167449,0.6738863690902864
27,-7.303311995471681,27.004491672900052,-7.298820170647285,0,0,41.470907319957824,0.22391624695342124,0.21014303896009473
27.004491672900052,-7.303311995522234,27.008983345800104,-7.298820170647285,0,0,24.939003155195596,0.3674276926820354,0.31857479356381596
27.008983345800104,-7.3033119955727965,27.013475018700156,-7.298820170647285,0,0,86.48404868609143,-0.2121345389089005,-0.3665256892428385
27.013475018700156,-7.303311995623366,27.017966691600208,-7.298820170647285,0,0,0,0.5294133882843727,0.5188072689210007
27.017966691600208,-7.303311995673945,27.02245836450026,-7.298820170647285,0,0,3.812112345704649,0.5049350828635211,0.5278435707695242
27.02245836450026,-7.303311995724532,27.02695003740031,-7.298820170647285,0,0,0,0.4871259736534216,0.6592088412576101
27.02695003740031,-7.303311995775127,27.031441710300363,-7.298820170647285,0,0,0,0.55042312819242,0.680478279725788
27.031441710300363,-7.303311995825731,27.035933383200415,-7.298820170647285,0,0,0,0.5593321439447638,0.6782122284275727
27.035933383200415,-7.303311995876343,27.040425056100467,-7.298820170647285,0,0,0,0.5248082311418885,0.637530763717098
27.040425056100467,-7.303311995926964,27.04491672900052,-7.298820170647285,0,0,0,0.5551686295196073,0.6605511280181763
27.04491672900052,-7.303311995977593,27.04940840190057,-7.298820170647285,0,0,0,0.5363811093554417,0.6701867978207148
27.04940840190057,-7.3033119960282304,27.053900074800623,-7.298820170647285,1.1052934305300963,0.9800548341064353,0,0.5130037887646541,0.6797451446854564
27.053900074800623,-7.303311996078876,27.058391747700675,-7.298820170647285,0,0,0,0.5100347770514007,0.6785578552388712
27.058391747700675,-7.303311996129531,27.062883420600727,-7.298820170647285,0,0,0,0.5360968348455759,0.6917672394708702
27.062883420600727,-7.303311996180193,27.06737509350078,-7.298820170647285,1.0309670233373815,0.9956663961015547,0,0.5150246811091038,0.6815077893000483
27.06737509350078,-7.303311996230865,27.07186676640083,-7.298820170647285,0,0,0,0.5533452942552003,0.7006037827930212
27.07186676640083,-7.303311996281544,27.076358439300883,-7.298820170647285,0,0,0,0.5735980193981014,0.7020297342773086
27.076358439300883,-7.303311996332232,27.080850112200935,-7.298820170647285,0,0,0,0.5374889477304455,0.6593722622399822
27.080850112200935,-7.303311996382928,27.085341785100987,-7.298820170647285,0,0,0,0.5520037588706169,0.690426775838044
27.085341785100987,-7.303311996433633,27.08983345800104,-7.298820170647285,0,0,0,0.5646501753712488,0.6893254191284464
27.08983345800104,-7.3033119964843465,27.09432513090109,-7.298820170647285,0,0,0,0.5733583656680923,0.6828894614759327
27.09432513090109,-7.303311996535068,27.098816803801142,-7.298820170647285,0,0,0,0.5767465583342151,0.6715515623106346
27.098816803801142,-7.303311996585798,27.103308476701194,-7.298820170647285,0,0,0,0.5709150471858055,0.6684135069357581
