"[28.910604039234656, -2.281858646196037]","[28.910604039234656, -2.2728749522382237]","[28.90162069343455, -2.2728749522382237]","[28.90162069343455, -2.281858646196037]"
"[28.9645041140353, -2.335760819041841]","[28.9645041140353, -2.3267771237841814]","[28.955520768235193, -2.3267771237841814]","[28.955520768235193, -2.335760819041841]"
"[26.09881680380118, -2.6412049719804624]","[26.09881680380118, -2.6322213424723206]","[26.089833458001074, -2.6322213424723206]","[26.089833458001074, -2.6412049719804624]"
"[28.946537422435085, -0.26951086358565324]","[28.946537422435085, -0.260527168761545]","[28.937554076634978, -0.260527168761545]","[28.937554076634978, -0.26951086358565324]"
"[26.62883420600749, -2.569336096573955]","[26.62883420600749, -2.5603524554212966]","[26.619850860207382, -2.5603524554212966]","[26.619850860207382, -2.569336096573955]"
"[26.646800897607704, -2.5873033872789977]","[26.646800897607704, -2.5783197457275056]","[26.637817551807597, -2.5783197457275056]","[26.637817551807597, -2.5873033872789977]"
"[26.655784243407812, -2.587303387478515]","[26.655784243407812, -2.5783197457275056]","[26.646800897607704, -2.5783197457275056]","[26.646800897607704, -2.587303387478515]"
"[26.646800897607704, -2.596287032432102]","[26.646800897607704, -2.58730339088061]","[26.637817551807597, -2.58730339088061]","[26.637817551807597, -2.596287032432102]"
"[26.655784243407812, -2.5962870326316194]","[26.655784243407812, -2.58730339088061]","[26.646800897607704, -2.58730339088061]","[26.646800897607704, -2.5962870326316194]"
"[26.66476758920792, -2.5962870328312047]","[26.66476758920792, -2.58730339088061]","[26.655784243407812, -2.58730339088061]","[26.655784243407812, -2.5962870328312047]"
"[26.655784243407812, -2.605270677784724]","[26.655784243407812, -2.5962870360337145]","[26.646800897607704, -2.5962870360337145]","[26.646800897607704, -2.605270677784724]"
"[27.347501870016053, -2.6951074976022795]","[27.347501870016053, -2.686123840286361]","[27.338518524215946, -2.686123840286361]","[27.338518524215946, -2.6951074976022795]"
"[28.623136973631233, -2.623238929626573]","[28.623136973631233, -2.6142552425603656]","[28.614153627831126, -2.6142552425603656]","[28.614153627831126, -2.623238929626573]"
"[28.838737272833797, -2.48848364189914]","[28.838737272833797, -2.4794999496706875]","[28.82975392703369, -2.4794999496706875]","[28.82975392703369, -2.48848364189914]"
"[28.847720618633904, -2.4884836421150744]","[28.847720618633904, -2.4794999496706875]","[28.838737272833797, -2.4794999496706875]","[28.838737272833797, -2.4884836421150744]"
"[28.847720618633904, -2.497467337372734]","[28.847720618633904, -2.488483644928347]","[28.838737272833797, -2.488483644928347]","[28.838737272833797, -2.497467337372734]"
"[28.85670396443401, -2.497467337588736]","[28.85670396443401, -2.488483644928347]","[28.847720618633904, -2.488483644928347]","[28.847720618633904, -2.497467337588736]"
"[28.89263734763444, -2.4974673384534163]","[28.89263734763444, -2.488483644928347]","[28.883654001834334, -2.488483644928347]","[28.883654001834334, -2.4974673384534163]"
"[28.85670396443401, -2.5064510328463956]","[28.85670396443401, -2.497467340186007]","[28.847720618633904, -2.497467340186007]","[28.847720618633904, -2.5064510328463956]"
"[28.86568731023412, -2.506451033062465]","[28.86568731023412, -2.497467340186007]","[28.85670396443401, -2.497467340186007]","[28.85670396443401, -2.506451033062465]"
"[28.874670656034226, -2.5064510332786014]","[28.874670656034226, -2.497467340186007]","[28.86568731023412, -2.497467340186007]","[28.86568731023412, -2.5064510332786014]"
"[28.883654001834334, -2.506451033494805]","[28.883654001834334, -2.497467340186007]","[28.874670656034226, -2.497467340186007]","[28.874670656034226, -2.506451033494805]"
"[28.89263734763444, -2.506451033711076]","[28.89263734763444, -2.497467340186007]","[28.883654001834334, -2.497467340186007]","[28.883654001834334, -2.506451033711076]"
"[28.85670396443401, -2.515434728104055]","[28.85670396443401, -2.5064510354436664]","[28.847720618633904, -2.5064510354436664]","[28.847720618633904, -2.515434728104055]"
"[28.86568731023412, -2.5154347283201246]","[28.86568731023412, -2.5064510354436664]","[28.85670396443401, -2.5064510354436664]","[28.85670396443401, -2.5154347283201246]"
"[28.874670656034226, -2.515434728536261]","[28.874670656034226, -2.5064510354436664]","[28.86568731023412, -2.5064510354436664]","[28.86568731023412, -2.515434728536261]"
"[28.847720618633904, -2.524418423145713]","[28.847720618633904, -2.515434730701326]","[28.838737272833797, -2.515434730701326]","[28.838737272833797, -2.524418423145713]"
"[28.85670396443401, -2.524418423361715]","[28.85670396443401, -2.515434730701326]","[28.847720618633904, -2.515434730701326]","[28.847720618633904, -2.524418423361715]"
"[28.86568731023412, -2.5244184235777842]","[28.86568731023412, -2.515434730701326]","[28.85670396443401, -2.515434730701326]","[28.85670396443401, -2.5244184235777842]"
"[28.847720618633904, -2.5334021184033726]","[28.847720618633904, -2.5244184259589857]","[28.838737272833797, -2.5244184259589857]","[28.838737272833797, -2.5334021184033726]"
"[28.85670396443401, -2.5334021186193745]","[28.85670396443401, -2.5244184259589857]","[28.847720618633904, -2.5244184259589857]","[28.847720618633904, -2.5334021186193745]"
"[28.85670396443401, -2.542385813877034]","[28.85670396443401, -2.5334021212166453]","[28.847720618633904, -2.5334021212166453]","[28.847720618633904, -2.542385813877034]"
"[28.86568731023412, -2.551369509350763]","[28.86568731023412, -2.542385816474305]","[28.85670396443401, -2.542385816474305]","[28.85670396443401, -2.551369509350763]"
"[28.874670656034226, -2.5513695095668996]","[28.874670656034226, -2.542385816474305]","[28.86568731023412, -2.542385816474305]","[28.86568731023412, -2.5513695095668996]"
"[28.874670656034226, -2.6681575479164747]","[28.874670656034226, -2.65917385482388]","[28.86568731023412, -2.65917385482388]","[28.86568731023412, -2.6681575479164747]"
"[28.955520768235193, -2.6951086356377094]","[28.955520768235193, -2.686124940596859]","[28.946537422435085, -2.686124940596859]","[28.946537422435085, -2.6951086356377094]"
"[29.09027095523679, -0.17069033451820811]","[29.09027095523679, -0.161706636218154]","[29.081287609436682, -0.161706636218154]","[29.081287609436682, -0.17069033451820811]"
"[29.09027095523679, -0.19764144055456714]","[29.09027095523679, -0.18865774225451304]","[29.081287609436682, -0.18865774225451304]","[29.081287609436682, -0.19764144055456714]"
"[29.108237646837004, -0.19764144099027148]","[29.108237646837004, -0.18865774225451304]","[29.099254301036897, -0.18865774225451304]","[29.099254301036897, -0.19764144099027148]"
"[29.000437497235716, -0.2245925444164415]","[29.000437497235716, -0.21560884829087207]","[28.991454151435608, -0.21560884829087207]","[28.991454151435608, -0.2245925444164415]"
"[29.009420843035823, -0.23357624664570686]","[29.009420843035823, -0.22459255030299174]","[29.000437497235716, -0.22459255030299174]","[29.000437497235716, -0.23357624664570686]"
"[29.01840418883593, -0.23357624686291983]","[29.01840418883593, -0.22459255030299174]","[29.009420843035823, -0.22459255030299174]","[29.009420843035823, -0.23357624686291983]"
"[29.072304263636575, -0.23357624816761063]","[29.072304263636575, -0.22459255030299174]","[29.063320917836467, -0.22459255030299174]","[29.063320917836467, -0.23357624816761063]"
"[29.000437497235716, -0.2605273524649202]","[29.000437497235716, -0.2515436563393508]","[28.991454151435608, -0.2515436563393508]","[28.991454151435608, -0.2605273524649202]"
"[29.19807110483808, -0.26951105926978763]","[29.19807110483808, -0.26052735835147045]","[29.18908775903797, -0.26052735835147045]","[29.18908775903797, -0.26951105926978763]"
"[29.207054450638186, -0.26951105948841353]","[29.207054450638186, -0.26052735835147045]","[29.19807110483808, -0.26052735835147045]","[29.19807110483808, -0.26951105948841353]"
"[26.080850112200967, -2.8927485693609105]","[26.080850112200967, -2.883764940243394]","[26.07186676640086, -2.883764940243394]","[26.07186676640086, -2.8927485693609105]"
"[26.92528461741102, -2.749010546149811]","[26.92528461741102, -2.7400268983819847]","[26.916301271610912, -2.7400268983819847]","[26.916301271610912, -2.749010546149811]"
"[27.18580164561412, -2.865798127688983]","[27.18580164561412, -2.856814474047341]","[27.176818299814013, -2.856814474047341]","[27.176818299814013, -2.865798127688983]"
"[27.194784991414227, -2.8657981278925373]","[27.194784991414227, -2.856814474047341]","[27.18580164561412, -2.856814474047341]","[27.18580164561412, -2.8657981278925373]"
"[27.18580164561412, -2.874781785004901]","[27.18580164561412, -2.8657981313632592]","[27.176818299814013, -2.8657981313632592]","[27.176818299814013, -2.874781785004901]"
"[28.66805370263177, -2.820880284673731]","[28.66805370263177, -2.8118965965352523]","[28.659070356831663, -2.8118965965352523]","[28.659070356831663, -2.820880284673731]"
"[28.66805370263177, -2.8298639734563804]","[28.66805370263177, -2.8208802853179016]","[28.659070356831663, -2.8208802853179016]","[28.659070356831663, -2.8298639734563804]"
"[28.60517028203102, -2.910717170999515]","[28.60517028203102, -2.9017334843617455]","[28.59618693623091, -2.9017334843617455]","[28.59618693623091, -2.910717170999515]"
"[28.66805370263177, -2.9197008612828736]","[28.66805370263177, -2.910717173144395]","[28.659070356831663, -2.910717173144395]","[28.659070356831663, -2.9197008612828736]"
"[28.883654001834334, -2.7939292882462055]","[28.883654001834334, -2.7849455949374073]","[28.874670656034226, -2.7849455949374073]","[28.874670656034226, -2.7939292882462055]"
"[28.838737272833797, -2.811896677681179]","[28.838737272833797, -2.8029129854527266]","[28.82975392703369, -2.8029129854527266]","[28.82975392703369, -2.811896677681179]"
"[28.739920469032615, -2.865798846856297]","[28.739920469032615, -2.8568151569986844]","[28.730937123232508, -2.8568151569986844]","[28.730937123232508, -2.865798846856297]"
"[28.847720618633904, -2.8657988494430713]","[28.847720618633904, -2.8568151569986844]","[28.838737272833797, -2.8568151569986844]","[28.838737272833797, -2.8657988494430713]"
"[28.883654001834334, -2.8657988503074825]","[28.883654001834334, -2.8568151569986844]","[28.874670656034226, -2.8568151569986844]","[28.874670656034226, -2.8657988503074825]"
"[28.739920469032615, -2.8747825421139566]","[28.739920469032615, -2.865798852256344]","[28.730937123232508, -2.865798852256344]","[28.730937123232508, -2.8747825421139566]"
"[28.748903814832723, -2.874782542329151]","[28.748903814832723, -2.865798852256344]","[28.739920469032615, -2.865798852256344]","[28.739920469032615, -2.874782542329151]"
"[28.883654001834334, -2.874782545565142]","[28.883654001834334, -2.865798852256344]","[28.874670656034226, -2.865798852256344]","[28.874670656034226, -2.874782545565142]"
"[28.748903814832723, -2.8837662375868107]","[28.748903814832723, -2.8747825475140036]","[28.739920469032615, -2.8747825475140036]","[28.739920469032615, -2.8837662375868107]"
"[28.883654001834334, -2.8837662408228018]","[28.883654001834334, -2.8747825475140036]","[28.874670656034226, -2.8747825475140036]","[28.874670656034226, -2.8837662408228018]"
"[28.802803889633367, -2.919701019910029]","[28.802803889633367, -2.910717328544642]","[28.79382054383326, -2.910717328544642]","[28.79382054383326, -2.919701019910029]"
"[28.838737272833797, -2.937668411288414]","[28.838737272833797, -2.9286847190599614]","[28.82975392703369, -2.9286847190599614]","[28.82975392703369, -2.937668411288414]"
"[28.847720618633904, -2.9376684115043483]","[28.847720618633904, -2.9286847190599614]","[28.838737272833797, -2.9286847190599614]","[28.838737272833797, -2.9376684115043483]"
"[28.86568731023412, -2.9376684119364196]","[28.86568731023412, -2.9286847190599614]","[28.85670396443401, -2.9286847190599614]","[28.85670396443401, -2.9376684119364196]"
"[28.89263734763444, -2.94665210784269]","[28.89263734763444, -2.937668414317621]","[28.883654001834334, -2.937668414317621]","[28.883654001834334, -2.94665210784269]"
"[28.90162069343455, -2.9466521080590287]","[28.90162069343455, -2.937668414317621]","[28.89263734763444, -2.937668414317621]","[28.89263734763444, -2.9466521080590287]"
"[28.802803889633367, -2.9556358009406676]","[28.802803889633367, -2.9466521095752807]","[28.79382054383326, -2.9466521095752807]","[28.79382054383326, -2.9556358009406676]"
"[28.883654001834334, -2.955635802884079]","[28.883654001834334, -2.9466521095752807]","[28.874670656034226, -2.9466521095752807]","[28.874670656034226, -2.955635802884079]"
"[28.89263734763444, -2.95563580310035]","[28.89263734763444, -2.9466521095752807]","[28.883654001834334, -2.9466521095752807]","[28.883654001834334, -2.95563580310035]"
"[28.90162069343455, -2.9556358033166883]","[28.90162069343455, -2.9466521095752807]","[28.89263734763444, -2.9466521095752807]","[28.89263734763444, -2.9556358033166883]"
"[28.910604039234656, -2.955635803533094]","[28.910604039234656, -2.9466521095752807]","[28.90162069343455, -2.9466521095752807]","[28.90162069343455, -2.955635803533094]"
"[28.919587385034763, -2.9556358037495665]","[28.919587385034763, -2.9466521095752807]","[28.910604039234656, -2.9466521095752807]","[28.910604039234656, -2.9556358037495665]"
"[28.802803889633367, -2.964619496198327]","[28.802803889633367, -2.9556358048329403]","[28.79382054383326, -2.9556358048329403]","[28.79382054383326, -2.964619496198327]"
"[28.89263734763444, -2.9646194983580094]","[28.89263734763444, -2.9556358048329403]","[28.883654001834334, -2.9556358048329403]","[28.883654001834334, -2.9646194983580094]"
"[28.90162069343455, -2.964619498574348]","[28.90162069343455, -2.9556358048329403]","[28.89263734763444, -2.9556358048329403]","[28.89263734763444, -2.964619498574348]"
"[29.009420843035823, -2.7040923387035263]","[29.009420843035823, -2.695108642360811]","[29.000437497235716, -2.695108642360811]","[29.000437497235716, -2.7040923387035263]"
"[29.009420843035823, -2.7310434440832]","[29.009420843035823, -2.722059747740485]","[29.000437497235716, -2.722059747740485]","[29.000437497235716, -2.7310434440832]"
"[29.000437497235716, -2.740027145659279]","[29.000437497235716, -2.7310434495337095]","[28.991454151435608, -2.7310434495337095]","[28.991454151435608, -2.740027145659279]"
"[29.009420843035823, -2.7400271458764247]","[29.009420843035823, -2.7310434495337095]","[29.000437497235716, -2.7310434495337095]","[29.000437497235716, -2.7400271458764247]"
"[29.000437497235716, -2.7490108474525035]","[29.000437497235716, -2.740027151326934]","[28.991454151435608, -2.740027151326934]","[28.991454151435608, -2.7490108474525035]"
"[29.009420843035823, -2.7490108476696493]","[29.009420843035823, -2.740027151326934]","[29.000437497235716, -2.740027151326934]","[29.000437497235716, -2.7490108476696493]"
"[28.9824708056355, -2.811896759570986]","[28.9824708056355, -2.8029130638795063]","[28.973487459835393, -2.8029130638795063]","[28.973487459835393, -2.811896759570986]"
"[29.027387534636038, -2.856815269622838]","[29.027387534636038, -2.8478315728456294]","[29.01840418883593, -2.8478315728456294]","[29.01840418883593, -2.856815269622838]"
"[29.036370880436145, -2.8568152698401854]","[29.036370880436145, -2.8478315728456294]","[29.027387534636038, -2.8478315728456294]","[29.027387534636038, -2.8568152698401854]"
"[29.027387534636038, -2.8657989714160625]","[29.027387534636038, -2.856815274638854]","[29.01840418883593, -2.856815274638854]","[29.01840418883593, -2.8657989714160625]"
"[29.036370880436145, -2.86579897163341]","[29.036370880436145, -2.856815274638854]","[29.027387534636038, -2.856815274638854]","[29.027387534636038, -2.86579897163341]"
"[29.027387534636038, -2.874782673209287]","[29.027387534636038, -2.8657989764320786]","[29.01840418883593, -2.8657989764320786]","[29.01840418883593, -2.874782673209287]"
"[29.036370880436145, -2.8747826734266346]","[29.036370880436145, -2.8657989764320786]","[29.027387534636038, -2.8657989764320786]","[29.027387534636038, -2.8747826734266346]"
"[29.027387534636038, -2.8837663750025118]","[29.027387534636038, -2.874782678225303]","[29.01840418883593, -2.874782678225303]","[29.01840418883593, -2.8837663750025118]"
"[29.036370880436145, -2.8837663752198592]","[29.036370880436145, -2.874782678225303]","[29.027387534636038, -2.874782678225303]","[29.027387534636038, -2.8837663752198592]"
"[29.045354226236253, -2.9107174808169476]","[29.045354226236253, -2.901733783604977]","[29.036370880436145, -2.901733783604977]","[29.036370880436145, -2.9107174808169476]"
"[29.05433757203636, -2.91071748103443]","[29.05433757203636, -2.901733783604977]","[29.045354226236253, -2.901733783604977]","[29.045354226236253, -2.91071748103443]"
"[29.01840418883593, -2.9197011819581298]","[29.01840418883593, -2.9107174853982016]","[29.009420843035823, -2.9107174853982016]","[29.009420843035823, -2.9197011819581298]"
"[29.072304263636575, -2.9197011832628204]","[29.072304263636575, -2.9107174853982016]","[29.063320917836467, -2.9107174853982016]","[29.063320917836467, -2.9197011832628204]"
"[29.009420843035823, -2.9286848835341415]","[29.009420843035823, -2.9197011871914262]","[29.000437497235716, -2.9197011871914262]","[29.000437497235716, -2.9286848835341415]"
"[29.01840418883593, -2.9286848837513544]","[29.01840418883593, -2.9197011871914262]","[29.009420843035823, -2.9197011871914262]","[29.009420843035823, -2.9286848837513544]"
"[29.027387534636038, -2.928684883968635]","[29.027387534636038, -2.9197011871914262]","[29.01840418883593, -2.9197011871914262]","[29.01840418883593, -2.928684883968635]"
"[29.072304263636575, -2.928684885056045]","[29.072304263636575, -2.9197011871914262]","[29.063320917836467, -2.9197011871914262]","[29.063320917836467, -2.928684885056045]"
"[29.081287609436682, -2.928684885273729]","[29.081287609436682, -2.9197011871914262]","[29.072304263636575, -2.9197011871914262]","[29.072304263636575, -2.928684885273729]"
"[29.027387534636038, -2.9376685857618594]","[29.027387534636038, -2.928684888984651]","[29.01840418883593, -2.928684888984651]","[29.01840418883593, -2.9376685857618594]"
"[29.072304263636575, -2.9376685868492696]","[29.072304263636575, -2.928684888984651]","[29.063320917836467, -2.928684888984651]","[29.063320917836467, -2.9376685868492696]"
"[29.036370880436145, -2.9466522877724315]","[29.036370880436145, -2.9376685907778755]","[29.027387534636038, -2.9376685907778755]","[29.027387534636038, -2.9466522877724315]"
"[29.081287609436682, -2.9646196924466275]","[29.081287609436682, -2.9556359943643247]","[29.072304263636575, -2.9556359943643247]","[29.072304263636575, -2.9646196924466275]"
"[28.811787235433474, -2.9736031981779445]","[28.811787235433474, -2.9646195065968923]","[28.802803889633367, -2.9646195065968923]","[28.802803889633367, -2.9736031981779445]"
"[28.92857073083487, -2.9736032009877182]","[28.92857073083487, -2.9646195065968923]","[28.919587385034763, -2.9646195065968923]","[28.919587385034763, -2.9736032009877182]"
"[28.82975392703369, -3.036489065413095]","[28.82975392703369, -3.0275053734005097]","[28.82077058123358, -3.0275053734005097]","[28.82077058123358, -3.036489065413095]"
"[28.937554076634978, -3.090391239553901]","[28.937554076634978, -3.0814075449464675]","[28.92857073083487, -3.0814075449464675]","[28.92857073083487, -3.090391239553901]"
"[28.946537422435085, -3.0903912397705757]","[28.946537422435085, -3.0814075449464675]","[28.937554076634978, -3.0814075449464675]","[28.937554076634978, -3.0903912397705757]"
"[28.937554076634978, -3.0993749348115607]","[28.937554076634978, -3.090391240204127]","[28.92857073083487, -3.090391240204127]","[28.92857073083487, -3.0993749348115607]"
"[28.946537422435085, -3.0993749350282354]","[28.946537422435085, -3.090391240204127]","[28.937554076634978, -3.090391240204127]","[28.937554076634978, -3.0993749350282354]"
"[28.955520768235193, -3.0993749352449775]","[28.955520768235193, -3.090391240204127]","[28.946537422435085, -3.090391240204127]","[28.946537422435085, -3.0993749352449775]"
"[28.9645041140353, -3.1353097164924253]","[28.9645041140353, -3.1263260212347657]","[28.955520768235193, -3.1263260212347657]","[28.955520768235193, -3.1353097164924253]"
"[28.919587385034763, -3.1892118869550092]","[28.919587385034763, -3.1802281927807234]","[28.910604039234656, -3.1802281927807234]","[28.910604039234656, -3.1892118869550092]"
"[29.063320917836467, -2.9736032042438945]","[29.063320917836467, -2.9646195065968923]","[29.05433757203636, -2.9646195065968923]","[29.05433757203636, -2.9736032042438945]"
"[29.108237646837004, -2.9736032053326507]","[29.108237646837004, -2.9646195065968923]","[29.099254301036897, -2.9646195065968923]","[29.099254301036897, -2.9736032053326507]"
"[29.12620433843722, -2.973603205768624]","[29.12620433843722, -2.9646195065968923]","[29.11722099263711, -2.9646195065968923]","[29.11722099263711, -2.973603205768624]"
"[29.099254301036897, -2.9825869069079896]","[29.099254301036897, -2.973603208390117]","[29.09027095523679, -2.973603208390117]","[29.09027095523679, -2.9825869069079896]"
"[29.108237646837004, -2.9825869071258753]","[29.108237646837004, -2.973603208390117]","[29.099254301036897, -2.973603208390117]","[29.099254301036897, -2.9825869071258753]"
"[29.11722099263711, -2.9825869073438285]","[29.11722099263711, -2.973603208390117]","[29.108237646837004, -2.973603208390117]","[29.108237646837004, -2.9825869073438285]"
"[29.12620433843722, -2.9825869075618487]","[29.12620433843722, -2.973603208390117]","[29.11722099263711, -2.973603208390117]","[29.11722099263711, -2.9825869075618487]"
"[29.11722099263711, -2.991570609137053]","[29.11722099263711, -2.9825869101833415]","[29.108237646837004, -2.9825869101833415]","[29.108237646837004, -2.991570609137053]"
"[29.12620433843722, -2.9915706093550734]","[29.12620433843722, -2.9825869101833415]","[29.11722099263711, -2.9825869101833415]","[29.11722099263711, -2.9915706093550734]"
"[29.135187684237327, -2.991570609573161]","[29.135187684237327, -2.9825869101833415]","[29.12620433843722, -2.9825869101833415]","[29.12620433843722, -2.991570609573161]"
"[29.108237646837004, -3.0005543107123245]","[29.108237646837004, -2.991570611976566]","[29.099254301036897, -2.991570611976566]","[29.099254301036897, -3.0005543107123245]"
"[29.108237646837004, -3.009538012505549]","[29.108237646837004, -3.0005543137697908]","[29.099254301036897, -3.0005543137697908]","[29.099254301036897, -3.009538012505549]"
"[29.12620433843722, -3.0095380129415226]","[29.12620433843722, -3.0005543137697908]","[29.11722099263711, -3.0005543137697908]","[29.11722099263711, -3.0095380129415226]"
"[29.135187684237327, -3.0095380131596103]","[29.135187684237327, -3.0005543137697908]","[29.12620433843722, -3.0005543137697908]","[29.12620433843722, -3.0095380131596103]"
"[29.144171030037434, -3.009538013377765]","[29.144171030037434, -3.0005543137697908]","[29.135187684237327, -3.0005543137697908]","[29.135187684237327, -3.009538013377765]"
"[29.11722099263711, -3.018521714516727]","[29.11722099263711, -3.0095380155630154]","[29.108237646837004, -3.0095380155630154]","[29.108237646837004, -3.018521714516727]"
"[29.12620433843722, -3.018521714734747]","[29.12620433843722, -3.0095380155630154]","[29.11722099263711, -3.0095380155630154]","[29.11722099263711, -3.018521714734747]"
"[29.144171030037434, -3.0185217151709898]","[29.144171030037434, -3.0095380155630154]","[29.135187684237327, -3.0095380155630154]","[29.135187684237327, -3.0185217151709898]"
"[29.11722099263711, -3.0275054163099515]","[29.11722099263711, -3.01852171735624]","[29.108237646837004, -3.01852171735624]","[29.108237646837004, -3.0275054163099515]"
"[29.12620433843722, -3.027505416527972]","[29.12620433843722, -3.01852171735624]","[29.11722099263711, -3.01852171735624]","[29.11722099263711, -3.027505416527972]"
"[29.19807110483808, -3.0275054182745573]","[29.19807110483808, -3.01852171735624]","[29.18908775903797, -3.01852171735624]","[29.18908775903797, -3.0275054182745573]"
"[29.099254301036897, -3.036489117667337]","[29.099254301036897, -3.0275054191494646]","[29.09027095523679, -3.0275054191494646]","[29.09027095523679, -3.036489117667337]"
"[29.108237646837004, -3.036489117885223]","[29.108237646837004, -3.0275054191494646]","[29.099254301036897, -3.0275054191494646]","[29.099254301036897, -3.036489117885223]"
"[29.11722099263711, -3.036489118103176]","[29.11722099263711, -3.0275054191494646]","[29.108237646837004, -3.0275054191494646]","[29.108237646837004, -3.036489118103176]"
"[29.135187684237327, -3.036489118539284]","[29.135187684237327, -3.0275054191494646]","[29.12620433843722, -3.0275054191494646]","[29.12620433843722, -3.036489118539284]"
"[29.144171030037434, -3.036489118757439]","[29.144171030037434, -3.0275054191494646]","[29.135187684237327, -3.0275054191494646]","[29.135187684237327, -3.036489118757439]"
"[29.18908775903797, -3.036489119849223]","[29.18908775903797, -3.0275054191494646]","[29.180104413237864, -3.0275054191494646]","[29.180104413237864, -3.036489119849223]"
"[29.19807110483808, -3.036489120067782]","[29.19807110483808, -3.0275054191494646]","[29.18908775903797, -3.0275054191494646]","[29.18908775903797, -3.036489120067782]"
"[29.216037796438293, -3.036489120505101]","[29.216037796438293, -3.0275054191494646]","[29.207054450638186, -3.0275054191494646]","[29.207054450638186, -3.036489120505101]"
"[29.108237646837004, -3.0454728196784475]","[29.108237646837004, -3.036489120942689]","[29.099254301036897, -3.036489120942689]","[29.099254301036897, -3.0454728196784475]"
"[29.11722099263711, -3.0454728198964007]","[29.11722099263711, -3.036489120942689]","[29.108237646837004, -3.036489120942689]","[29.108237646837004, -3.0454728198964007]"
"[29.12620433843722, -3.045472820114421]","[29.12620433843722, -3.036489120942689]","[29.11722099263711, -3.036489120942689]","[29.11722099263711, -3.045472820114421]"
"[29.135187684237327, -3.0454728203325088]","[29.135187684237327, -3.036489120942689]","[29.12620433843722, -3.036489120942689]","[29.12620433843722, -3.0454728203325088]"
"[29.144171030037434, -3.0454728205506636]","[29.144171030037434, -3.036489120942689]","[29.135187684237327, -3.036489120942689]","[29.135187684237327, -3.0454728205506636]"
"[29.15315437583754, -3.045472820768886]","[29.15315437583754, -3.036489120942689]","[29.144171030037434, -3.036489120942689]","[29.144171030037434, -3.045472820768886]"
"[29.18908775903797, -3.0454728216424476]","[29.18908775903797, -3.036489120942689]","[29.180104413237864, -3.036489120942689]","[29.180104413237864, -3.0454728216424476]"
"[29.19807110483808, -3.0454728218610065]","[29.19807110483808, -3.036489120942689]","[29.18908775903797, -3.036489120942689]","[29.18908775903797, -3.0454728218610065]"
"[29.207054450638186, -3.045472822079632]","[29.207054450638186, -3.036489120942689]","[29.19807110483808, -3.036489120942689]","[29.19807110483808, -3.045472822079632]"
"[29.216037796438293, -3.0454728222983256]","[29.216037796438293, -3.036489120942689]","[29.207054450638186, -3.036489120942689]","[29.207054450638186, -3.0454728222983256]"
"[29.2250211422384, -3.045472822517086]","[29.2250211422384, -3.036489120942689]","[29.216037796438293, -3.036489120942689]","[29.216037796438293, -3.045472822517086]"
"[29.12620433843722, -3.0544565219076456]","[29.12620433843722, -3.045472822735914]","[29.11722099263711, -3.045472822735914]","[29.11722099263711, -3.0544565219076456]"
"[29.135187684237327, -3.0544565221257334]","[29.135187684237327, -3.045472822735914]","[29.12620433843722, -3.045472822735914]","[29.12620433843722, -3.0544565221257334]"
"[29.144171030037434, -3.054456522343888]","[29.144171030037434, -3.045472822735914]","[29.135187684237327, -3.045472822735914]","[29.135187684237327, -3.054456522343888]"
"[29.15315437583754, -3.0544565225621105]","[29.15315437583754, -3.045472822735914]","[29.144171030037434, -3.045472822735914]","[29.144171030037434, -3.0544565225621105]"
"[29.16213772163765, -3.0544565227804]","[29.16213772163765, -3.045472822735914]","[29.15315437583754, -3.045472822735914]","[29.15315437583754, -3.0544565227804]"
"[29.171121067437756, -3.054456522998757]","[29.171121067437756, -3.045472822735914]","[29.16213772163765, -3.045472822735914]","[29.16213772163765, -3.054456522998757]"
"[29.108237646837004, -3.0634402232648967]","[29.108237646837004, -3.0544565245291384]","[29.099254301036897, -3.0544565245291384]","[29.099254301036897, -3.0634402232648967]"
"[29.11722099263711, -3.06344022348285]","[29.11722099263711, -3.0544565245291384]","[29.108237646837004, -3.0544565245291384]","[29.108237646837004, -3.06344022348285]"
"[29.144171030037434, -3.063440224137113]","[29.144171030037434, -3.0544565245291384]","[29.135187684237327, -3.0544565245291384]","[29.135187684237327, -3.063440224137113]"
"[29.15315437583754, -3.063440224355335]","[29.15315437583754, -3.0544565245291384]","[29.144171030037434, -3.0544565245291384]","[29.144171030037434, -3.063440224355335]"
"[29.16213772163765, -3.0634402245736245]","[29.16213772163765, -3.0544565245291384]","[29.15315437583754, -3.0544565245291384]","[29.15315437583754, -3.0634402245736245]"
"[29.207054450638186, -3.0634402256660813]","[29.207054450638186, -3.0544565245291384]","[29.19807110483808, -3.0544565245291384]","[29.19807110483808, -3.0634402256660813]"
"[29.216037796438293, -3.063440225884775]","[29.216037796438293, -3.0544565245291384]","[29.207054450638186, -3.0544565245291384]","[29.207054450638186, -3.063440225884775]"
"[29.108237646837004, -3.0724239250581213]","[29.108237646837004, -3.063440226322363]","[29.099254301036897, -3.063440226322363]","[29.099254301036897, -3.0724239250581213]"
"[29.12620433843722, -3.072423925494095]","[29.12620433843722, -3.063440226322363]","[29.11722099263711, -3.063440226322363]","[29.11722099263711, -3.072423925494095]"
"[29.135187684237327, -3.0724239257121826]","[29.135187684237327, -3.063440226322363]","[29.12620433843722, -3.063440226322363]","[29.12620433843722, -3.0724239257121826]"
"[29.15315437583754, -3.0724239261485597]","[29.15315437583754, -3.063440226322363]","[29.144171030037434, -3.063440226322363]","[29.144171030037434, -3.0724239261485597]"
"[29.207054450638186, -3.072423927459306]","[29.207054450638186, -3.063440226322363]","[29.19807110483808, -3.063440226322363]","[29.19807110483808, -3.072423927459306]"
"[29.216037796438293, -3.0724239276779994]","[29.216037796438293, -3.063440226322363]","[29.207054450638186, -3.063440226322363]","[29.207054450638186, -3.0724239276779994]"
"[29.11722099263711, -3.081407627069299]","[29.11722099263711, -3.0724239281155876]","[29.108237646837004, -3.0724239281155876]","[29.108237646837004, -3.081407627069299]"
"[29.12620433843722, -3.0814076272873194]","[29.12620433843722, -3.0724239281155876]","[29.11722099263711, -3.0724239281155876]","[29.11722099263711, -3.0814076272873194]"
"[29.135187684237327, -3.081407627505407]","[29.135187684237327, -3.0724239281155876]","[29.12620433843722, -3.0724239281155876]","[29.12620433843722, -3.081407627505407]"
"[29.171121067437756, -3.0814076283784306]","[29.171121067437756, -3.0724239281155876]","[29.16213772163765, -3.0724239281155876]","[29.16213772163765, -3.0814076283784306]"
"[29.19807110483808, -3.081407629033905]","[29.19807110483808, -3.0724239281155876]","[29.18908775903797, -3.0724239281155876]","[29.18908775903797, -3.081407629033905]"
"[29.207054450638186, -3.0814076292525305]","[29.207054450638186, -3.0724239281155876]","[29.19807110483808, -3.0724239281155876]","[29.19807110483808, -3.0814076292525305]"
"[29.171121067437756, -3.0903913301716552]","[29.171121067437756, -3.0814076299088122]","[29.16213772163765, -3.0814076299088122]","[29.16213772163765, -3.0903913301716552]"
"[29.2250211422384, -3.090391331483209]","[29.2250211422384, -3.0814076299088122]","[29.216037796438293, -3.0814076299088122]","[29.216037796438293, -3.090391331483209]"
"[29.15315437583754, -3.0993750315282336]","[29.15315437583754, -3.090391331702037]","[29.144171030037434, -3.090391331702037]","[29.144171030037434, -3.0993750315282336]"
"[29.16213772163765, -3.099375031746523]","[29.16213772163765, -3.090391331702037]","[29.15315437583754, -3.090391331702037]","[29.15315437583754, -3.099375031746523]"
"[29.15315437583754, -3.108358733321458]","[29.15315437583754, -3.0993750334952614]","[29.144171030037434, -3.0993750334952614]","[29.144171030037434, -3.108358733321458]"
"[29.180104413237864, -3.1083587339765284]","[29.180104413237864, -3.0993750334952614]","[29.171121067437756, -3.0993750334952614]","[29.171121067437756, -3.1083587339765284]"
"[29.216037796438293, -3.108358734850898]","[29.216037796438293, -3.0993750334952614]","[29.207054450638186, -3.0993750334952614]","[29.207054450638186, -3.108358734850898]"
"[29.2250211422384, -3.1083587350696584]","[29.2250211422384, -3.0993750334952614]","[29.216037796438293, -3.0993750334952614]","[29.216037796438293, -3.1083587350696584]"
"[29.234004488038508, -3.108358735288486]","[29.234004488038508, -3.0993750334952614]","[29.2250211422384, -3.0993750334952614]","[29.2250211422384, -3.108358735288486]"
"[29.12620433843722, -3.117342434460218]","[29.12620433843722, -3.108358735288486]","[29.11722099263711, -3.108358735288486]","[29.11722099263711, -3.117342434460218]"
"[29.18908775903797, -3.1173424359882445]","[29.18908775903797, -3.108358735288486]","[29.180104413237864, -3.108358735288486]","[29.180104413237864, -3.1173424359882445]"
"[29.216037796438293, -3.1173424366441225]","[29.216037796438293, -3.108358735288486]","[29.207054450638186, -3.108358735288486]","[29.207054450638186, -3.1173424366441225]"
"[29.2250211422384, -3.117342436862883]","[29.2250211422384, -3.108358735288486]","[29.216037796438293, -3.108358735288486]","[29.216037796438293, -3.117342436862883]"
"[29.234004488038508, -3.1173424370817107]","[29.234004488038508, -3.108358735288486]","[29.2250211422384, -3.108358735288486]","[29.2250211422384, -3.1173424370817107]"
"[29.2250211422384, -3.1263261386561076]","[29.2250211422384, -3.1173424370817107]","[29.216037796438293, -3.1173424370817107]","[29.216037796438293, -3.1263261386561076]"
"[29.207054450638186, -3.135309840011878]","[29.207054450638186, -3.1263261388749353]","[29.19807110483808, -3.1263261388749353]","[29.19807110483808, -3.135309840011878]"
"[29.05433757203636, -3.162260941684062]","[29.05433757203636, -3.153277244254609]","[29.045354226236253, -3.153277244254609]","[29.045354226236253, -3.162260941684062]"
"[29.072304263636575, -3.162260942119228]","[29.072304263636575, -3.153277244254609]","[29.063320917836467, -3.153277244254609]","[29.063320917836467, -3.162260942119228]"
"[29.036370880436145, -3.1712446430423897]","[29.036370880436145, -3.1622609460478337]","[29.027387534636038, -3.1622609460478337]","[29.027387534636038, -3.1712446430423897]"
"[29.045354226236253, -3.1712446432598043]","[29.045354226236253, -3.1622609460478337]","[29.036370880436145, -3.1622609460478337]","[29.036370880436145, -3.1712446432598043]"
"[29.15315437583754, -3.180228347667255]","[29.15315437583754, -3.1712446478410583]","[29.144171030037434, -3.1712446478410583]","[29.144171030037434, -3.180228347667255]"
"[29.135187684237327, -3.198195750817327]","[29.135187684237327, -3.1892120514275075]","[29.12620433843722, -3.1892120514275075]","[29.12620433843722, -3.198195750817327]"
"[29.135187684237327, -3.2071794526105517]","[29.135187684237327, -3.198195753220732]","[29.12620433843722, -3.198195753220732]","[29.12620433843722, -3.2071794526105517]"
"[28.9824708056355, -3.225146852498661]","[28.9824708056355, -3.2161631568071813]","[28.973487459835393, -3.2161631568071813]","[28.973487459835393, -3.225146852498661]"
"[28.991454151435608, -3.2251468527156724]","[28.991454151435608, -3.2161631568071813]","[28.9824708056355, -3.2161631568071813]","[28.9824708056355, -3.2251468527156724]"
"[29.081287609436682, -3.225146854889484]","[29.081287609436682, -3.2161631568071813]","[29.072304263636575, -3.2161631568071813]","[29.072304263636575, -3.225146854889484]"
"[29.081287609436682, -3.2341305566827088]","[29.081287609436682, -3.225146858600406]","[29.072304263636575, -3.225146858600406]","[29.072304263636575, -3.2341305566827088]"
"[28.92857073083487, -0.30544564439988553]","[28.92857073083487, -0.29646195000905945]","[28.919587385034763, -0.29646195000905945]","[28.919587385034763, -0.30544564439988553]"
"[28.92857073083487, -0.314429339657545]","[28.92857073083487, -0.3054456452667189]","[28.919587385034763, -0.3054456452667189]","[28.919587385034763, -0.314429339657545]"
"[29.16213772163765, -0.37731528400603803]","[29.16213772163765, -0.36833158396155175]","[29.15315437583754, -0.36833158396155175]","[29.15315437583754, -0.37731528400603803]"
"[29.081287609436682, -0.41325008921675305]","[29.081287609436682, -0.4042663911344502]","[29.072304263636575, -0.4042663911344502]","[29.072304263636575, -0.41325008921675305]"
"[29.180104413237864, -0.4941034077547388]","[29.180104413237864, -0.48511970727347165]","[29.171121067437756, -0.48511970727347165]","[29.171121067437756, -0.4941034077547388]"
"[29.18908775903797, -0.49410340797323016]","[29.18908775903797, -0.48511970727347165]","[29.180104413237864, -0.48511970727347165]","[29.180104413237864, -0.49410340797323016]"
"[26.583917477006953, -0.7366619168441054]","[26.583917477006953, -0.7276782766873534]","[26.574934131206845, -0.7276782766873534]","[26.574934131206845, -0.7366619168441054]"
"[26.59290082280706, -0.7456455621962564]","[26.59290082280706, -0.7366619218404578]","[26.583917477006953, -0.7366619218404578]","[26.583917477006953, -0.7456455621962564]"
"[26.583917477006953, -0.7546292071503141]","[26.583917477006953, -0.7456455669935621]","[26.574934131206845, -0.7456455669935621]","[26.574934131206845, -0.7546292071503141]"
"[29.180104413237864, -0.5569891307466539]","[29.180104413237864, -0.5480054302653867]","[29.171121067437756, -0.5480054302653867]","[29.171121067437756, -0.5569891307466539]"
"[29.18908775903797, -0.5569891309651452]","[29.18908775903797, -0.5480054302653867]","[29.180104413237864, -0.5480054302653867]","[29.180104413237864, -0.5569891309651452]"
"[29.180104413237864, -0.5659728325398785]","[29.180104413237864, -0.5569891320586113]","[29.171121067437756, -0.5569891320586113]","[29.171121067437756, -0.5659728325398785]"
"[29.18908775903797, -0.5659728327583698]","[29.18908775903797, -0.5569891320586113]","[29.180104413237864, -0.5569891320586113]","[29.180104413237864, -0.5659728327583698]"
"[29.180104413237864, -0.6108913415060016]","[29.180104413237864, -0.6019076410247344]","[29.171121067437756, -0.6019076410247344]","[29.171121067437756, -0.6108913415060016]"
"[29.11722099263711, -0.6198750417716705]","[29.11722099263711, -0.610891342817959]","[29.108237646837004, -0.610891342817959]","[29.108237646837004, -0.6198750417716705]"
"[29.171121067437756, -0.7007283592198236]","[29.171121067437756, -0.6917446589569805]","[29.16213772163765, -0.6917446589569805]","[29.16213772163765, -0.7007283592198236]"
"[29.180104413237864, -0.7097120612314722]","[29.180104413237864, -0.7007283607502051]","[29.171121067437756, -0.7007283607502051]","[29.171121067437756, -0.7097120612314722]"
"[27.868535926422254, -1.3026351995506207]","[27.868535926422254, -1.2936515302470761]","[27.859552580622147, -1.2936515302470761]","[27.859552580622147, -1.3026351995506207]"
"[29.009420843035823, -1.3295871017041037]","[29.009420843035823, -1.3206034053613886]","[29.000437497235716, -1.3206034053613886]","[29.000437497235716, -1.3295871017041037]"
"[26.422217252605034, -1.4553579885536243]","[26.422217252605034, -1.4463743519682082]","[26.413233906804926, -1.4463743519682082]","[26.413233906804926, -1.4553579885536243]"
"[26.43120059840514, -1.45535798875146]","[26.43120059840514, -1.4463743519682082]","[26.422217252605034, -1.4463743519682082]","[26.422217252605034, -1.45535798875146]"
"[26.44018394420525, -1.4553579889493629]","[26.44018394420525, -1.4463743519682082]","[26.43120059840514, -1.4463743519682082]","[26.43120059840514, -1.4553579889493629]"
"[26.44018394420525, -1.4643416281118904]","[26.44018394420525, -1.4553579911307357]","[26.43120059840514, -1.4553579911307357]","[26.43120059840514, -1.4643416281118904]"
"[26.449167290005356, -1.4733252674723882]","[26.449167290005356, -1.4643416302932633]","[26.44018394420525, -1.4643416302932633]","[26.44018394420525, -1.4733252674723882]"
"[28.937554076634978, -1.4194238825914547]","[28.937554076634978, -1.4104401879840212]","[28.92857073083487, -1.4104401879840212]","[28.92857073083487, -1.4194238825914547]"
"[28.883654001834334, -1.5631630054153698]","[28.883654001834334, -1.5541793121065717]","[28.874670656034226, -1.5541793121065717]","[28.874670656034226, -1.5631630054153698]"
"[28.89263734763444, -1.5631630056316408]","[28.89263734763444, -1.5541793121065717]","[28.883654001834334, -1.5541793121065717]","[28.883654001834334, -1.5631630056316408]"
"[28.883654001834334, -1.5721467006730292]","[28.883654001834334, -1.563163007364231]","[28.874670656034226, -1.563163007364231]","[28.874670656034226, -1.5721467006730292]"
"[28.89263734763444, -1.5721467008893002]","[28.89263734763444, -1.563163007364231]","[28.883654001834334, -1.563163007364231]","[28.883654001834334, -1.5721467008893002]"
"[29.171121067437756, -1.4284076357890452]","[29.171121067437756, -1.4194239355262022]","[29.16213772163765, -1.4194239355262022]","[29.16213772163765, -1.4284076357890452]"
"[29.180104413237864, -1.4284076360074693]","[29.180104413237864, -1.4194239355262022]","[29.171121067437756, -1.4194239355262022]","[29.171121067437756, -1.4284076360074693]"
"[29.171121067437756, -1.4373913375822698]","[29.171121067437756, -1.4284076373194268]","[29.16213772163765, -1.4284076373194268]","[29.16213772163765, -1.4373913375822698]"
"[29.180104413237864, -1.4463750395939186]","[29.180104413237864, -1.4373913391126514]","[29.171121067437756, -1.4373913391126514]","[29.171121067437756, -1.4463750395939186]"
"[29.19807110483808, -1.4463750400309685]","[29.19807110483808, -1.4373913391126514]","[29.18908775903797, -1.4373913391126514]","[29.18908775903797, -1.4463750400309685]"
"[29.234004488038508, -1.5272283570448975]","[29.234004488038508, -1.5182446552516728]","[29.2250211422384, -1.5182446552516728]","[29.2250211422384, -1.5272283570448975]"
"[29.234004488038508, -1.536212058838122]","[29.234004488038508, -1.5272283570448975]","[29.2250211422384, -1.5272283570448975]","[29.2250211422384, -1.536212058838122]"
"[29.234004488038508, -1.5451957606313467]","[29.234004488038508, -1.536212058838122]","[29.2250211422384, -1.536212058838122]","[29.2250211422384, -1.5451957606313467]"
"[29.234004488038508, -1.5541794624245713]","[29.234004488038508, -1.5451957606313467]","[29.2250211422384, -1.5451957606313467]","[29.2250211422384, -1.5541794624245713]"
"[28.90162069343455, -1.7967390890534225]","[28.90162069343455, -1.787755395312015]","[28.89263734763444, -1.787755395312015]","[28.89263734763444, -1.7967390890534225]"
"[29.2250211422384, -1.6799510977502308]","[29.2250211422384, -1.670967396175834]","[29.216037796438293, -1.670967396175834]","[29.216037796438293, -1.6799510977502308]"
"[29.234004488038508, -1.6799510979690586]","[29.234004488038508, -1.670967396175834]","[29.2250211422384, -1.670967396175834]","[29.2250211422384, -1.6799510979690586]"
"[28.919587385034763, -1.9135271343421723]","[28.919587385034763, -1.9045434401678862]","[28.910604039234656, -1.9045434401678862]","[28.910604039234656, -1.9135271343421723]"
"[28.89263734763444, -1.9225108289506148]","[28.89263734763444, -1.9135271354255456]","[28.883654001834334, -1.9135271354255456]","[28.883654001834334, -1.9225108289506148]"
"[28.90162069343455, -1.922510829166953]","[28.90162069343455, -1.9135271354255456]","[28.89263734763444, -1.9135271354255456]","[28.89263734763444, -1.922510829166953]"
"[28.703987085832185, -2.0033640817419878]","[28.703987085832185, -1.9943803927444803]","[28.695003740032078, -1.9943803927444803]","[28.695003740032078, -2.0033640817419878]"
"[28.703987085832185, -2.0123477769996474]","[28.703987085832185, -2.0033640880021397]","[28.695003740032078, -2.0033640880021397]","[28.695003740032078, -2.0123477769996474]"
"[28.838737272833797, -2.0303151707459115]","[28.838737272833797, -2.021331478517459]","[28.82975392703369, -2.021331478517459]","[28.82975392703369, -2.0303151707459115]"
"[28.85670396443401, -2.0842173427238055]","[28.85670396443401, -2.0752336500634168]","[28.847720618633904, -2.0752336500634168]","[28.847720618633904, -2.0842173427238055]"
"[28.775853852233045, -2.138119512328169]","[28.775853852233045, -2.1291358216093745]","[28.766870506432937, -2.1291358216093745]","[28.766870506432937, -2.138119512328169]"
"[28.784837198033152, -2.1381195125436325]","[28.784837198033152, -2.1291358216093745]","[28.775853852233045, -2.1291358216093745]","[28.775853852233045, -2.1381195125436325]"
